id,chapter,chapter_title,approx_start_year,approx_end_year,negative,positive,net_bing_sentiment,sentiment_intensity
ch01_p001,1,Earliest Memories,1922,1934,10,0,-10,10
ch01_p002,1,Earliest Memories,1922,1934,6,1,-5,7
ch01_p003,1,Earliest Memories,1922,1934,2,1,-1,3
ch01_p004,1,Earliest Memories,1922,1934,13,6,-7,19
ch01_p005,1,Earliest Memories,1922,1934,14,3,-11,17
ch01_p006,1,Earliest Memories,1922,1934,2,1,-1,3
ch01_p007,1,Earliest Memories,1922,1934,5,3,-2,8
ch01_p008,1,Earliest Memories,1922,1934,7,8,1,15
ch01_p009,1,Earliest Memories,1922,1934,4,4,0,8
ch01_p010,1,Earliest Memories,1922,1934,2,3,1,5
ch01_p011,1,Earliest Memories,1922,1934,0,1,1,1
ch01_p012,1,Earliest Memories,1922,1934,15,15,0,30
ch01_p013,1,Earliest Memories,1922,1934,10,10,0,20
ch01_p014,1,Earliest Memories,1922,1934,1,1,0,2
ch02_p002,2,The Teenage Period,1935,1942,1,17,16,18
ch02_p003,2,The Teenage Period,1935,1942,1,4,3,5
ch02_p004,2,The Teenage Period,1935,1942,3,4,1,7
ch02_p005,2,The Teenage Period,1935,1942,7,5,-2,12
ch02_p006,2,The Teenage Period,1935,1942,2,9,7,11
ch02_p007,2,The Teenage Period,1935,1942,3,10,7,13
ch02_p008,2,The Teenage Period,1935,1942,2,6,4,8
ch02_p009,2,The Teenage Period,1935,1942,4,7,3,11
ch02_p010,2,The Teenage Period,1935,1942,4,5,1,9
ch02_p011,2,The Teenage Period,1935,1942,8,10,2,18
ch02_p012,2,The Teenage Period,1935,1942,2,5,3,7
ch02_p013,2,The Teenage Period,1935,1942,0,3,3,3
ch02_p014,2,The Teenage Period,1935,1942,2,3,1,5
ch02_p015,2,The Teenage Period,1935,1942,2,6,4,8
ch02_p016,2,The Teenage Period,1935,1942,3,1,-2,4
ch02_p017,2,The Teenage Period,1935,1942,2,5,3,7
ch02_p018,2,The Teenage Period,1935,1942,1,6,5,7
ch03_p001,3,World War Two,1942,1945,1,10,9,11
ch03_p002,3,World War Two,1942,1945,2,3,1,5
ch03_p003,3,World War Two,1942,1945,0,3,3,3
ch03_p004,3,World War Two,1942,1945,3,3,0,6
ch03_p005,3,World War Two,1942,1945,8,5,-3,13
ch03_p006,3,World War Two,1942,1945,4,7,3,11
ch03_p007,3,World War Two,1942,1945,10,3,-7,13
ch03_p008,3,World War Two,1942,1945,5,0,-5,5
ch03_p009,3,World War Two,1942,1945,4,2,-2,6
ch03_p010,3,World War Two,1942,1945,1,3,2,4
ch03_p011,3,World War Two,1942,1945,1,2,1,3
ch03_p012,3,World War Two,1942,1945,14,8,-6,22
ch03_p013,3,World War Two,1942,1945,8,11,3,19
ch04_p002,4,My College Years BYU and Colombia,1946,1952,7,9,2,16
ch04_p003,4,My College Years BYU and Colombia,1946,1952,16,13,-3,29
ch04_p004,4,My College Years BYU and Colombia,1946,1952,5,5,0,10
ch04_p005,4,My College Years BYU and Colombia,1946,1952,2,3,1,5
ch04_p006,4,My College Years BYU and Colombia,1946,1952,3,2,-1,5
ch04_p007,4,My College Years BYU and Colombia,1946,1952,3,7,4,10
ch04_p008,4,My College Years BYU and Colombia,1946,1952,0,4,4,4
ch04_p009,4,My College Years BYU and Colombia,1946,1952,2,5,3,7
ch04_p010,4,My College Years BYU and Colombia,1946,1952,1,5,4,6
ch04_p011,4,My College Years BYU and Colombia,1946,1952,2,8,6,10
ch04_p012,4,My College Years BYU and Colombia,1946,1952,1,0,-1,1
ch04_p013,4,My College Years BYU and Colombia,1946,1952,2,2,0,4
ch04_p014,4,My College Years BYU and Colombia,1946,1952,4,17,13,21
ch04_p015,4,My College Years BYU and Colombia,1946,1952,0,2,2,2
ch04_p016,4,My College Years BYU and Colombia,1946,1952,6,5,-1,11
ch04_p017,4,My College Years BYU and Colombia,1946,1952,2,3,1,5
ch04_p018,4,My College Years BYU and Colombia,1946,1952,5,8,3,13
ch05_p001,5,The CIA,1951,1958,6,15,9,21
ch05_p002,5,The CIA,1951,1958,7,13,6,20
ch05_p003,5,The CIA,1951,1958,2,9,7,11
ch05_p004,5,The CIA,1951,1958,3,4,1,7
ch05_p005,5,The CIA,1951,1958,0,3,3,3
ch05_p006,5,The CIA,1951,1958,2,3,1,5
ch05_p007,5,The CIA,1951,1958,3,9,6,12
ch05_p008,5,The CIA,1951,1958,3,3,0,6
ch05_p009,5,The CIA,1951,1958,4,3,-1,7
ch05_p010,5,The CIA,1951,1958,1,5,4,6
ch05_p011,5,The CIA,1951,1958,2,5,3,7
ch05_p012,5,The CIA,1951,1958,2,2,0,4
ch05_p013,5,The CIA,1951,1958,2,8,6,10
ch05_p014,5,The CIA,1951,1958,5,8,3,13
ch05_p015,5,The CIA,1951,1958,3,4,1,7
ch05_p016,5,The CIA,1951,1958,15,3,-12,18
ch05_p017,5,The CIA,1951,1958,4,3,-1,7
ch05_p018,5,The CIA,1951,1958,2,2,0,4
ch05_p019,5,The CIA,1951,1958,7,7,0,14
ch05_p020,5,The CIA,1951,1958,5,8,3,13
ch05_p021,5,The CIA,1951,1958,9,15,6,24
ch05_p022,5,The CIA,1951,1958,1,8,7,9
ch06_p002,6,Montevideo Uruguay,1955,1959,2,5,3,7
ch06_p003,6,Montevideo Uruguay,1955,1959,3,1,-2,4
ch06_p004,6,Montevideo Uruguay,1955,1959,4,7,3,11
ch06_p005,6,Montevideo Uruguay,1955,1959,3,7,4,10
ch06_p006,6,Montevideo Uruguay,1955,1959,0,7,7,7
ch06_p007,6,Montevideo Uruguay,1955,1959,2,2,0,4
ch06_p008,6,Montevideo Uruguay,1955,1959,10,15,5,25
ch06_p009,6,Montevideo Uruguay,1955,1959,11,13,2,24
ch06_p010,6,Montevideo Uruguay,1955,1959,10,11,1,21
ch06_p011,6,Montevideo Uruguay,1955,1959,2,2,0,4
ch06_p012,6,Montevideo Uruguay,1955,1959,5,6,1,11
ch06_p013,6,Montevideo Uruguay,1955,1959,3,2,-1,5
ch06_p014,6,Montevideo Uruguay,1955,1959,3,7,4,10
ch07_p002,7,Headquarters Duty,1960,1964,2,15,13,17
ch07_p003,7,Headquarters Duty,1960,1964,11,15,4,26
ch07_p004,7,Headquarters Duty,1960,1964,5,0,-5,5
ch07_p005,7,Headquarters Duty,1960,1964,4,2,-2,6
ch07_p006,7,Headquarters Duty,1960,1964,0,1,1,1
ch07_p007,7,Headquarters Duty,1960,1964,5,3,-2,8
ch07_p008,7,Headquarters Duty,1960,1964,3,6,3,9
ch07_p009,7,Headquarters Duty,1960,1964,3,3,0,6
ch07_p010,7,Headquarters Duty,1960,1964,2,2,0,4
ch07_p011,7,Headquarters Duty,1960,1964,2,8,6,10
ch07_p012,7,Headquarters Duty,1960,1964,1,2,1,3
ch07_p013,7,Headquarters Duty,1960,1964,5,18,13,23
ch07_p014,7,Headquarters Duty,1960,1964,5,9,4,14
ch07_p015,7,Headquarters Duty,1960,1964,1,6,5,7
ch07_p016,7,Headquarters Duty,1960,1964,4,5,1,9
ch07_p017,7,Headquarters Duty,1960,1964,0,1,1,1
ch08_p001,8,Rio De Janeiro,1965,1968,2,4,2,6
ch08_p002,8,Rio De Janeiro,1965,1968,1,5,4,6
ch08_p003,8,Rio De Janeiro,1965,1968,7,1,-6,8
ch08_p004,8,Rio De Janeiro,1965,1968,7,5,-2,12
ch08_p005,8,Rio De Janeiro,1965,1968,3,5,2,8
ch08_p006,8,Rio De Janeiro,1965,1968,3,3,0,6
ch08_p007,8,Rio De Janeiro,1965,1968,2,6,4,8
ch08_p008,8,Rio De Janeiro,1965,1968,2,4,2,6
ch08_p009,8,Rio De Janeiro,1965,1968,0,5,5,5
ch08_p010,8,Rio De Janeiro,1965,1968,6,1,-5,7
ch08_p011,8,Rio De Janeiro,1965,1968,1,3,2,4
ch08_p012,8,Rio De Janeiro,1965,1968,5,2,-3,7
ch08_p013,8,Rio De Janeiro,1965,1968,2,2,0,4
ch09_p002,9,The McLean Va. Years,1968,1970,3,11,8,14
ch09_p003,9,The McLean Va. Years,1968,1970,6,5,-1,11
ch09_p004,9,The McLean Va. Years,1968,1970,0,2,2,2
ch09_p005,9,The McLean Va. Years,1968,1970,11,2,-9,13
ch09_p006,9,The McLean Va. Years,1968,1970,6,5,-1,11
ch10_p002,10,Making a Career Change,1968,1973,5,14,9,19
ch10_p003,10,Making a Career Change,1968,1973,2,3,1,5
ch10_p004,10,Making a Career Change,1968,1973,11,10,-1,21
ch10_p005,10,Making a Career Change,1968,1973,0,3,3,3
ch10_p006,10,Making a Career Change,1968,1973,2,4,2,6
ch10_p007,10,Making a Career Change,1968,1973,2,5,3,7
ch10_p008,10,Making a Career Change,1968,1973,3,13,10,16
ch10_p009,10,Making a Career Change,1968,1973,1,4,3,5
ch10_p010,10,Making a Career Change,1968,1973,0,5,5,5
ch10_p011,10,Making a Career Change,1968,1973,4,10,6,14
ch10_p012,10,Making a Career Change,1968,1973,3,18,15,21
ch11_p001,11,Post Rio to Retirement,1968,1975,1,3,2,4
ch11_p002,11,Post Rio to Retirement,1968,1975,3,3,0,6
ch11_p003,11,Post Rio to Retirement,1968,1975,3,4,1,7
ch11_p004,11,Post Rio to Retirement,1968,1975,5,5,0,10
ch11_p005,11,Post Rio to Retirement,1968,1975,2,3,1,5
ch11_p006,11,Post Rio to Retirement,1968,1975,6,12,6,18
ch11_p007,11,Post Rio to Retirement,1968,1975,1,1,0,2
ch11_p008,11,Post Rio to Retirement,1968,1975,3,4,1,7
ch11_p009,11,Post Rio to Retirement,1968,1975,2,2,0,4
ch11_p010,11,Post Rio to Retirement,1968,1975,9,7,-2,16
ch11_p012,11,Post Rio to Retirement,1968,1975,2,8,6,10
ch11_p013,11,Post Rio to Retirement,1968,1975,3,3,0,6
ch11_p015,11,Post Rio to Retirement,1968,1975,2,5,3,7
ch11_p016,11,Post Rio to Retirement,1968,1975,4,5,1,9
ch11_p017,11,Post Rio to Retirement,1968,1975,2,7,5,9
ch11_p018,11,Post Rio to Retirement,1968,1975,0,1,1,1
