entity_id,canonical_entity,entity_type,search_term,chapter,chapter_title,count,extraction_method,review_status,notes
date__1835,1835,Date,1835,5,The CIA,1,year_regex,candidate,"Detected four-digit year. Review whether this is chapter-period date, historical context, or retrospective reference."
date__1845,1845,Date,1845,5,The CIA,1,year_regex,candidate,"Detected four-digit year. Review whether this is chapter-period date, historical context, or retrospective reference."
date__1860,1860,Date,1860,5,The CIA,1,year_regex,candidate,"Detected four-digit year. Review whether this is chapter-period date, historical context, or retrospective reference."
date__1882,1882,Date,1882,5,The CIA,1,year_regex,candidate,"Detected four-digit year. Review whether this is chapter-period date, historical context, or retrospective reference."
date__1916,1916,Date,1916,1,Earliest Memories,1,year_regex,candidate,"Detected four-digit year. Review whether this is chapter-period date, historical context, or retrospective reference."
date__1917,1917,Date,1917,1,Earliest Memories,1,year_regex,candidate,"Detected four-digit year. Review whether this is chapter-period date, historical context, or retrospective reference."
date__1918,1918,Date,1918,1,Earliest Memories,1,year_regex,candidate,"Detected four-digit year. Review whether this is chapter-period date, historical context, or retrospective reference."
date__1924,1924,Date,1924,1,Earliest Memories,2,year_regex,candidate,"Detected four-digit year. Review whether this is chapter-period date, historical context, or retrospective reference."
date__1926,1926,Date,1926,1,Earliest Memories,2,year_regex,candidate,"Detected four-digit year. Review whether this is chapter-period date, historical context, or retrospective reference."
date__1927,1927,Date,1927,1,Earliest Memories,2,year_regex,candidate,"Detected four-digit year. Review whether this is chapter-period date, historical context, or retrospective reference."
date__1928,1928,Date,1928,1,Earliest Memories,1,year_regex,candidate,"Detected four-digit year. Review whether this is chapter-period date, historical context, or retrospective reference."
date__1929,1929,Date,1929,1,Earliest Memories,4,year_regex,candidate,"Detected four-digit year. Review whether this is chapter-period date, historical context, or retrospective reference."
date__1930,1930,Date,1930,1,Earliest Memories,3,year_regex,candidate,"Detected four-digit year. Review whether this is chapter-period date, historical context, or retrospective reference."
date__1930,1930,Date,1930,6,Montevideo Uruguay,1,year_regex,candidate,"Detected four-digit year. Review whether this is chapter-period date, historical context, or retrospective reference."
date__1932,1932,Date,1932,1,Earliest Memories,4,year_regex,candidate,"Detected four-digit year. Review whether this is chapter-period date, historical context, or retrospective reference."
date__1932,1932,Date,1932,4,My College Years BYU and Colombia,1,year_regex,candidate,"Detected four-digit year. Review whether this is chapter-period date, historical context, or retrospective reference."
date__1933,1933,Date,1933,1,Earliest Memories,1,year_regex,candidate,"Detected four-digit year. Review whether this is chapter-period date, historical context, or retrospective reference."
date__1934,1934,Date,1934,1,Earliest Memories,2,year_regex,candidate,"Detected four-digit year. Review whether this is chapter-period date, historical context, or retrospective reference."
date__1934,1934,Date,1934,2,The Teenage Period,1,year_regex,candidate,"Detected four-digit year. Review whether this is chapter-period date, historical context, or retrospective reference."
date__1935,1935,Date,1935,1,Earliest Memories,1,year_regex,candidate,"Detected four-digit year. Review whether this is chapter-period date, historical context, or retrospective reference."
date__1936,1936,Date,1936,2,The Teenage Period,1,year_regex,candidate,"Detected four-digit year. Review whether this is chapter-period date, historical context, or retrospective reference."
date__1936,1936,Date,1936,5,The CIA,1,year_regex,candidate,"Detected four-digit year. Review whether this is chapter-period date, historical context, or retrospective reference."
date__1937,1937,Date,1937,2,The Teenage Period,1,year_regex,candidate,"Detected four-digit year. Review whether this is chapter-period date, historical context, or retrospective reference."
date__1939,1939,Date,1939,2,The Teenage Period,3,year_regex,candidate,"Detected four-digit year. Review whether this is chapter-period date, historical context, or retrospective reference."
date__1939,1939,Date,1939,4,My College Years BYU and Colombia,2,year_regex,candidate,"Detected four-digit year. Review whether this is chapter-period date, historical context, or retrospective reference."
date__1939,1939,Date,1939,5,The CIA,2,year_regex,candidate,"Detected four-digit year. Review whether this is chapter-period date, historical context, or retrospective reference."
date__1940,1940,Date,1940,1,Earliest Memories,1,year_regex,candidate,"Detected four-digit year. Review whether this is chapter-period date, historical context, or retrospective reference."
date__1940,1940,Date,1940,2,The Teenage Period,3,year_regex,candidate,"Detected four-digit year. Review whether this is chapter-period date, historical context, or retrospective reference."
date__1940,1940,Date,1940,6,Montevideo Uruguay,1,year_regex,candidate,"Detected four-digit year. Review whether this is chapter-period date, historical context, or retrospective reference."
date__1941,1941,Date,1941,2,The Teenage Period,3,year_regex,candidate,"Detected four-digit year. Review whether this is chapter-period date, historical context, or retrospective reference."
date__1942,1942,Date,1942,2,The Teenage Period,3,year_regex,candidate,"Detected four-digit year. Review whether this is chapter-period date, historical context, or retrospective reference."
date__1942,1942,Date,1942,3,World War Two,2,year_regex,candidate,"Detected four-digit year. Review whether this is chapter-period date, historical context, or retrospective reference."
date__1943,1943,Date,1943,2,The Teenage Period,2,year_regex,candidate,"Detected four-digit year. Review whether this is chapter-period date, historical context, or retrospective reference."
date__1943,1943,Date,1943,3,World War Two,1,year_regex,candidate,"Detected four-digit year. Review whether this is chapter-period date, historical context, or retrospective reference."
date__1943,1943,Date,1943,5,The CIA,1,year_regex,candidate,"Detected four-digit year. Review whether this is chapter-period date, historical context, or retrospective reference."
date__1944,1944,Date,1944,3,World War Two,1,year_regex,candidate,"Detected four-digit year. Review whether this is chapter-period date, historical context, or retrospective reference."
date__1945,1945,Date,1945,2,The Teenage Period,1,year_regex,candidate,"Detected four-digit year. Review whether this is chapter-period date, historical context, or retrospective reference."
date__1945,1945,Date,1945,3,World War Two,9,year_regex,candidate,"Detected four-digit year. Review whether this is chapter-period date, historical context, or retrospective reference."
date__1946,1946,Date,1946,4,My College Years BYU and Colombia,4,year_regex,candidate,"Detected four-digit year. Review whether this is chapter-period date, historical context, or retrospective reference."
date__1947,1947,Date,1947,4,My College Years BYU and Colombia,5,year_regex,candidate,"Detected four-digit year. Review whether this is chapter-period date, historical context, or retrospective reference."
date__1947,1947,Date,1947,5,The CIA,1,year_regex,candidate,"Detected four-digit year. Review whether this is chapter-period date, historical context, or retrospective reference."
date__1948,1948,Date,1948,4,My College Years BYU and Colombia,10,year_regex,candidate,"Detected four-digit year. Review whether this is chapter-period date, historical context, or retrospective reference."
date__1949,1949,Date,1949,4,My College Years BYU and Colombia,4,year_regex,candidate,"Detected four-digit year. Review whether this is chapter-period date, historical context, or retrospective reference."
date__1950,1950,Date,1950,4,My College Years BYU and Colombia,4,year_regex,candidate,"Detected four-digit year. Review whether this is chapter-period date, historical context, or retrospective reference."
date__1950,1950,Date,1950,5,The CIA,1,year_regex,candidate,"Detected four-digit year. Review whether this is chapter-period date, historical context, or retrospective reference."
date__1950,1950,Date,1950,6,Montevideo Uruguay,1,year_regex,candidate,"Detected four-digit year. Review whether this is chapter-period date, historical context, or retrospective reference."
date__1950,1950,Date,1950,7,Headquarters Duty,1,year_regex,candidate,"Detected four-digit year. Review whether this is chapter-period date, historical context, or retrospective reference."
date__1951,1951,Date,1951,5,The CIA,1,year_regex,candidate,"Detected four-digit year. Review whether this is chapter-period date, historical context, or retrospective reference."
date__1952,1952,Date,1952,4,My College Years BYU and Colombia,1,year_regex,candidate,"Detected four-digit year. Review whether this is chapter-period date, historical context, or retrospective reference."
date__1952,1952,Date,1952,5,The CIA,4,year_regex,candidate,"Detected four-digit year. Review whether this is chapter-period date, historical context, or retrospective reference."
date__1953,1953,Date,1953,4,My College Years BYU and Colombia,1,year_regex,candidate,"Detected four-digit year. Review whether this is chapter-period date, historical context, or retrospective reference."
date__1953,1953,Date,1953,5,The CIA,7,year_regex,candidate,"Detected four-digit year. Review whether this is chapter-period date, historical context, or retrospective reference."
date__1954,1954,Date,1954,5,The CIA,8,year_regex,candidate,"Detected four-digit year. Review whether this is chapter-period date, historical context, or retrospective reference."
date__1955,1955,Date,1955,5,The CIA,3,year_regex,candidate,"Detected four-digit year. Review whether this is chapter-period date, historical context, or retrospective reference."
date__1955,1955,Date,1955,6,Montevideo Uruguay,3,year_regex,candidate,"Detected four-digit year. Review whether this is chapter-period date, historical context, or retrospective reference."
date__1955,1955,Date,1955,11,Post Rio to Retirement,1,year_regex,candidate,"Detected four-digit year. Review whether this is chapter-period date, historical context, or retrospective reference."
date__1956,1956,Date,1956,6,Montevideo Uruguay,4,year_regex,candidate,"Detected four-digit year. Review whether this is chapter-period date, historical context, or retrospective reference."
date__1957,1957,Date,1957,6,Montevideo Uruguay,2,year_regex,candidate,"Detected four-digit year. Review whether this is chapter-period date, historical context, or retrospective reference."
date__1958,1958,Date,1958,6,Montevideo Uruguay,4,year_regex,candidate,"Detected four-digit year. Review whether this is chapter-period date, historical context, or retrospective reference."
date__1959,1959,Date,1959,6,Montevideo Uruguay,5,year_regex,candidate,"Detected four-digit year. Review whether this is chapter-period date, historical context, or retrospective reference."
date__1960,1960,Date,1960,7,Headquarters Duty,5,year_regex,candidate,"Detected four-digit year. Review whether this is chapter-period date, historical context, or retrospective reference."
date__1961,1961,Date,1961,7,Headquarters Duty,9,year_regex,candidate,"Detected four-digit year. Review whether this is chapter-period date, historical context, or retrospective reference."
date__1962,1962,Date,1962,7,Headquarters Duty,4,year_regex,candidate,"Detected four-digit year. Review whether this is chapter-period date, historical context, or retrospective reference."
date__1963,1963,Date,1963,7,Headquarters Duty,5,year_regex,candidate,"Detected four-digit year. Review whether this is chapter-period date, historical context, or retrospective reference."
date__1964,1964,Date,1964,7,Headquarters Duty,3,year_regex,candidate,"Detected four-digit year. Review whether this is chapter-period date, historical context, or retrospective reference."
date__1964,1964,Date,1964,9,The McLean Va. Years,1,year_regex,candidate,"Detected four-digit year. Review whether this is chapter-period date, historical context, or retrospective reference."
date__1965,1965,Date,1965,7,Headquarters Duty,2,year_regex,candidate,"Detected four-digit year. Review whether this is chapter-period date, historical context, or retrospective reference."
date__1965,1965,Date,1965,8,Rio De Janeiro,5,year_regex,candidate,"Detected four-digit year. Review whether this is chapter-period date, historical context, or retrospective reference."
date__1966,1966,Date,1966,8,Rio De Janeiro,7,year_regex,candidate,"Detected four-digit year. Review whether this is chapter-period date, historical context, or retrospective reference."
date__1968,1968,Date,1968,9,The McLean Va. Years,3,year_regex,candidate,"Detected four-digit year. Review whether this is chapter-period date, historical context, or retrospective reference."
date__1968,1968,Date,1968,10,Making a Career Change,1,year_regex,candidate,"Detected four-digit year. Review whether this is chapter-period date, historical context, or retrospective reference."
date__1968,1968,Date,1968,11,Post Rio to Retirement,5,year_regex,candidate,"Detected four-digit year. Review whether this is chapter-period date, historical context, or retrospective reference."
date__1969,1969,Date,1969,6,Montevideo Uruguay,1,year_regex,candidate,"Detected four-digit year. Review whether this is chapter-period date, historical context, or retrospective reference."
date__1969,1969,Date,1969,10,Making a Career Change,1,year_regex,candidate,"Detected four-digit year. Review whether this is chapter-period date, historical context, or retrospective reference."
date__1969,1969,Date,1969,11,Post Rio to Retirement,3,year_regex,candidate,"Detected four-digit year. Review whether this is chapter-period date, historical context, or retrospective reference."
date__1970,1970,Date,1970,11,Post Rio to Retirement,4,year_regex,candidate,"Detected four-digit year. Review whether this is chapter-period date, historical context, or retrospective reference."
date__1971,1971,Date,1971,10,Making a Career Change,1,year_regex,candidate,"Detected four-digit year. Review whether this is chapter-period date, historical context, or retrospective reference."
date__1971,1971,Date,1971,11,Post Rio to Retirement,4,year_regex,candidate,"Detected four-digit year. Review whether this is chapter-period date, historical context, or retrospective reference."
date__1972,1972,Date,1972,10,Making a Career Change,1,year_regex,candidate,"Detected four-digit year. Review whether this is chapter-period date, historical context, or retrospective reference."
date__1972,1972,Date,1972,11,Post Rio to Retirement,3,year_regex,candidate,"Detected four-digit year. Review whether this is chapter-period date, historical context, or retrospective reference."
date__1973,1973,Date,1973,10,Making a Career Change,3,year_regex,candidate,"Detected four-digit year. Review whether this is chapter-period date, historical context, or retrospective reference."
date__1973,1973,Date,1973,11,Post Rio to Retirement,9,year_regex,candidate,"Detected four-digit year. Review whether this is chapter-period date, historical context, or retrospective reference."
date__1974,1974,Date,1974,11,Post Rio to Retirement,8,year_regex,candidate,"Detected four-digit year. Review whether this is chapter-period date, historical context, or retrospective reference."
date__1975,1975,Date,1975,11,Post Rio to Retirement,1,year_regex,candidate,"Detected four-digit year. Review whether this is chapter-period date, historical context, or retrospective reference."
date__1977,1977,Date,1977,1,Earliest Memories,1,year_regex,candidate,"Detected four-digit year. Review whether this is chapter-period date, historical context, or retrospective reference."
date__1980,1980,Date,1980,2,The Teenage Period,1,year_regex,candidate,"Detected four-digit year. Review whether this is chapter-period date, historical context, or retrospective reference."
date__1982,1982,Date,1982,6,Montevideo Uruguay,1,year_regex,candidate,"Detected four-digit year. Review whether this is chapter-period date, historical context, or retrospective reference."
date__1986,1986,Date,1986,3,World War Two,1,year_regex,candidate,"Detected four-digit year. Review whether this is chapter-period date, historical context, or retrospective reference."
date__1988,1988,Date,1988,2,The Teenage Period,2,year_regex,candidate,"Detected four-digit year. Review whether this is chapter-period date, historical context, or retrospective reference."
date__1988,1988,Date,1988,8,Rio De Janeiro,1,year_regex,candidate,"Detected four-digit year. Review whether this is chapter-period date, historical context, or retrospective reference."
event_american_revolution,American Revolution,Event,American Revolution,3,World War Two,1,seed_phrase,accepted,Historical reference/event context.
event_vietnam_war,Vietnam War,Event,Vietnam War,9,The McLean Va. Years,1,seed_phrase,accepted,Historical event/context.
event_vietnam_war,Vietnam War,Event,Vietnam War,11,Post Rio to Retirement,1,seed_phrase,accepted,Historical event/context.
event_world_war_ii,World War II,Event,World War,2,The Teenage Period,1,seed_phrase,accepted,Major historical event/life-stage context.
event_world_war_ii,World War II,Event,World War II,2,The Teenage Period,1,seed_phrase,accepted,Major historical event/life-stage context.
event_world_war_ii,World War II,Event,World War,3,World War Two,3,seed_phrase,accepted,Major historical event/life-stage context.
event_world_war_ii,World War II,Event,World War II,3,World War Two,2,seed_phrase,accepted,Major historical event/life-stage context.
event_world_war_ii,World War II,Event,World War Two,3,World War Two,1,seed_phrase,accepted,Major historical event/life-stage context.
event_world_war_ii,World War II,Event,World War,4,My College Years BYU and Colombia,1,seed_phrase,accepted,Major historical event/life-stage context.
event_world_war_ii,World War II,Event,World War II,4,My College Years BYU and Colombia,1,seed_phrase,accepted,Major historical event/life-stage context.
event_world_war_ii,World War II,Event,World War,5,The CIA,4,seed_phrase,accepted,Major historical event/life-stage context.
event_world_war_ii,World War II,Event,World War II,5,The CIA,4,seed_phrase,accepted,Major historical event/life-stage context.
event_world_war_ii,World War II,Event,WWII,5,The CIA,1,seed_phrase,accepted,Major historical event/life-stage context.
event_world_war_ii,World War II,Event,WWII,6,Montevideo Uruguay,1,seed_phrase,accepted,Major historical event/life-stage context.
organization_air_force,Air Force,Organization,Air Force,4,My College Years BYU and Colombia,1,seed_phrase,accepted,Military organization.
organization_air_force,Air Force,Organization,Air Force,5,The CIA,3,seed_phrase,accepted,Military organization.
organization_air_force,Air Force,Organization,U.S. Air Force,5,The CIA,1,seed_phrase,accepted,Military organization.
organization_air_force,Air Force,Organization,Air Force,6,Montevideo Uruguay,1,seed_phrase,accepted,Military organization.
organization_air_force,Air Force,Organization,U.S. Air Force,6,Montevideo Uruguay,1,seed_phrase,accepted,Military organization.
organization_american_university,American University,Organization,American University,11,Post Rio to Retirement,1,seed_phrase,accepted,Educational institution.
organization_brigham_young_university,Brigham Young University,Organization,Brigham Young University,4,My College Years BYU and Colombia,1,seed_phrase,,College years
organization_central_intelligence_agency,Central Intelligence Agency,Organization,Central Intelligence Agency,4,My College Years BYU and Colombia,1,seed_phrase,,Career institution
organization_central_intelligence_agency,Central Intelligence Agency,Organization,Central Intelligence Agency,5,The CIA,1,seed_phrase,,Career institution
organization_central_intelligence_agency,Central Intelligence Agency,Organization,Central Intelligence Agency,7,Headquarters Duty,1,seed_phrase,,Career institution
organization_church_of_jesus_christ_of_latter_day_saints,Church of Jesus Christ of Latter-day Saints,Organization,Church of Jesus Christ of Latter-day Saints,1,Earliest Memories,1,seed_phrase,,Religious institution
organization_clandestine_services,Clandestine Services,Organization,Clandestine Services,5,The CIA,2,seed_phrase,accepted,CIA organizational unit/context.
organization_clandestine_services,Clandestine Services,Organization,Clandestine Services,9,The McLean Va. Years,1,seed_phrase,accepted,CIA organizational unit/context.
organization_clandestine_services,Clandestine Services,Organization,Clandestine Services,10,Making a Career Change,2,seed_phrase,accepted,CIA organizational unit/context.
organization_columbia_university,Columbia University,Organization,Columbia University,4,My College Years BYU and Colombia,6,seed_phrase,,Graduate education
organization_columbia_university,Columbia University,Organization,Columbia University,5,The CIA,1,seed_phrase,,Graduate education
organization_communications_workers_of_america,Communications Workers of America,Organization,Communications Workers of America,2,The Teenage Period,1,seed_phrase,,Union
organization_eastside_grammar_school,Eastside Grammar School,Organization,Eastside Grammar School,1,Earliest Memories,1,seed_phrase,,School
organization_first_presidency,First Presidency,Organization,First Presidency,5,The CIA,1,seed_phrase,candidate,Church leadership body.
organization_first_presidency,First Presidency,Organization,First Presidency,11,Post Rio to Retirement,1,seed_phrase,candidate,Church leadership body.
organization_foreign_service,Foreign Service,Organization,Foreign Service,8,Rio De Janeiro,1,seed_phrase,accepted,Government/diplomatic service context.
organization_foreign_service,Foreign Service,Organization,Foreign Service,10,Making a Career Change,5,seed_phrase,accepted,Government/diplomatic service context.
organization_foreign_service,Foreign Service,Organization,Foreign Service,11,Post Rio to Retirement,1,seed_phrase,accepted,Government/diplomatic service context.
organization_lincoln_school,Lincoln School,Organization,Lincoln School,1,Earliest Memories,1,seed_phrase,,School
organization_mountain_states_telephone_and_telegraph,Mountain States Telephone and Telegraph,Organization,Mountain States Telephone and Telegraph,2,The Teenage Period,1,seed_phrase,,Telephone company context
organization_personnel_management_staff,Personnel Management Staff,Organization,Personnel Management Staff,10,Making a Career Change,2,seed_phrase,accepted,CIA/internal organization candidate from memoir.
organization_personnel_management_staff,Personnel Management Staff,Organization,Personnel Management Staff,11,Post Rio to Retirement,2,seed_phrase,accepted,CIA/internal organization candidate from memoir.
organization_pomona_high_school,Pomona High School,Organization,Pomona High School,2,The Teenage Period,1,seed_phrase,,School
organization_presiding_bishop_s_office,Presiding Bishop's Office,Organization,Presiding Bishop's Office,2,The Teenage Period,1,seed_phrase,,LDS church office
organization_riverside_grammar_school,Riverside Grammar School,Organization,Riverside Grammar School,2,The Teenage Period,1,seed_phrase,,School
organization_state_department,State Department,Organization,State Department,5,The CIA,1,seed_phrase,accepted,Government organization.
organization_state_department,State Department,Organization,State Department,8,Rio De Janeiro,1,seed_phrase,accepted,Government organization.
organization_state_department,State Department,Organization,Department of State,9,The McLean Va. Years,1,seed_phrase,accepted,Government organization.
organization_strategic_services,Strategic Services,Organization,Office of Strategic Services,4,My College Years BYU and Colombia,1,seed_phrase,accepted,Pre-CIA/intelligence organization context.
organization_strategic_services,Strategic Services,Organization,Strategic Services,4,My College Years BYU and Colombia,1,seed_phrase,accepted,Pre-CIA/intelligence organization context.
organization_strategic_services,Strategic Services,Organization,Office of Strategic Services,5,The CIA,1,seed_phrase,accepted,Pre-CIA/intelligence organization context.
organization_strategic_services,Strategic Services,Organization,Strategic Services,5,The CIA,1,seed_phrase,accepted,Pre-CIA/intelligence organization context.
organization_sunday_school,Sunday School,Organization,Sunday School,2,The Teenage Period,2,seed_phrase,candidate,Church program; may be generic.
organization_sunday_school,Sunday School,Organization,Sunday School,5,The CIA,1,seed_phrase,candidate,Church program; may be generic.
organization_sunday_school,Sunday School,Organization,Sunday School,8,Rio De Janeiro,1,seed_phrase,candidate,Church program; may be generic.
organization_sunday_school,Sunday School,Organization,Sunday School,9,The McLean Va. Years,1,seed_phrase,candidate,Church program; may be generic.
organization_sunday_school,Sunday School,Organization,Sunday School,11,Post Rio to Retirement,4,seed_phrase,candidate,Church program; may be generic.
organization_u_s_navy,U.S. Navy,Organization,U.S. Navy,3,World War Two,2,seed_phrase,,Military service
organization_utah_state_agricultural_college,Utah State Agricultural College,Organization,Utah State,2,The Teenage Period,1,seed_phrase,accepted,Institution later known as Utah State University; preserve memoir wording.
organization_utah_state_agricultural_college,Utah State Agricultural College,Organization,Utah State Agricultural College,2,The Teenage Period,1,seed_phrase,accepted,Institution later known as Utah State University; preserve memoir wording.
organization_utah_state_agricultural_college,Utah State Agricultural College,Organization,Utah State,3,World War Two,1,seed_phrase,accepted,Institution later known as Utah State University; preserve memoir wording.
organization_utah_state_agricultural_college,Utah State Agricultural College,Organization,Utah State Agricultural College,3,World War Two,1,seed_phrase,accepted,Institution later known as Utah State University; preserve memoir wording.
organization_western_electric,Western Electric,Organization,Western Electric,2,The Teenage Period,3,seed_phrase,,Pre-war employer
organization_place_alexandria_ward,Alexandria Ward,Organization/Place,Alexandria Ward,5,The CIA,1,seed_phrase,accepted,LDS ward; also local place/community context. Includes OCR variant Alexandia.
organization_place_alexandria_ward,Alexandria Ward,Organization/Place,Alexandria Ward,6,Montevideo Uruguay,2,seed_phrase,accepted,LDS ward; also local place/community context. Includes OCR variant Alexandia.
organization_place_alexandria_ward,Alexandria Ward,Organization/Place,Alexandria Ward,7,Headquarters Duty,1,seed_phrase,accepted,LDS ward; also local place/community context. Includes OCR variant Alexandia.
organization_place_alexandria_ward,Alexandria Ward,Organization/Place,Alexandia Ward,11,Post Rio to Retirement,1,seed_phrase,accepted,LDS ward; also local place/community context. Includes OCR variant Alexandia.
organization_place_alexandria_ward,Alexandria Ward,Organization/Place,Alexandria Ward,11,Post Rio to Retirement,2,seed_phrase,accepted,LDS ward; also local place/community context. Includes OCR variant Alexandia.
organization_place_american_embassy,American Embassy,Organization/Place,Embassy,6,Montevideo Uruguay,4,seed_phrase,accepted,Embassy can function as institution and location.
organization_place_american_embassy,American Embassy,Organization/Place,Embassy,7,Headquarters Duty,1,seed_phrase,accepted,Embassy can function as institution and location.
organization_place_american_embassy,American Embassy,Organization/Place,American Embassy,8,Rio De Janeiro,1,seed_phrase,accepted,Embassy can function as institution and location.
organization_place_american_embassy,American Embassy,Organization/Place,Embassy,8,Rio De Janeiro,5,seed_phrase,accepted,Embassy can function as institution and location.
organization_place_arizona_temple,Arizona Temple,Organization/Place,Arizona Temple,1,Earliest Memories,2,seed_phrase,,Temple context
organization_place_arlington_ward,Arlington Ward,Organization/Place,Arlington Ward,7,Headquarters Duty,2,seed_phrase,accepted,LDS ward; organization/place hybrid.
organization_place_arlington_ward,Arlington Ward,Organization/Place,Arlington Ward,11,Post Rio to Retirement,1,seed_phrase,accepted,LDS ward; organization/place hybrid.
organization_place_idaho_falls_temple,Idaho Falls Temple,Organization/Place,Idaho Falls Temple,1,Earliest Memories,2,seed_phrase,,Temple context
organization_place_mesa_temple,Mesa Temple,Organization/Place,Mesa Temple,1,Earliest Memories,1,seed_phrase,,Temple context
organization_place_soviet_embassy,Soviet Embassy,Organization/Place,Soviet Embassy,7,Headquarters Duty,1,seed_phrase,accepted,Embassy can function as institution and location.
organization_place_soviet_embassy,Soviet Embassy,Organization/Place,Soviet Embassy,8,Rio De Janeiro,2,seed_phrase,accepted,Embassy can function as institution and location.
person_al_harris,Al Harris,Person,Al Harris,2,The Teenage Period,1,seed_phrase,,Brother-in-law
person_anthony_w_ivins,Anthony W. Ivins,Person,Anthony W. Ivins,1,Earliest Memories,1,seed_phrase,,LDS church leader
person_carmen_stevens,Carmen Stevens,Person,Carmen Stevens,1,Earliest Memories,1,seed_phrase,,Short form for Maria del Carmen Stevens
person_clifford,Clifford,Person,Clifford,1,Earliest Memories,1,seed_phrase,,Adopted son of Sol and Sarah
person_cyd_charisse,Cyd Charisse,Person,Cyd Charisse,3,World War Two,1,seed_phrase,,Actor/dancer reference
person_david_o_mckay,David O. McKay,Person,David O. McKay,1,Earliest Memories,1,seed_phrase,,LDS church leader
person_dottie_burton,Dottie Burton,Person,Dottie Burton,6,Montevideo Uruguay,1,seed_phrase,accepted,Person candidate from memoir.
person_dottie_burton,Dottie Burton,Person,Dottie Burton,8,Rio De Janeiro,1,seed_phrase,accepted,Person candidate from memoir.
person_dwight_d_eisenhower,Dwight D. Eisenhower,Person,Dwight D. Eisenhower,4,My College Years BYU and Colombia,2,seed_phrase,accepted,Historical person/president reference.
person_dwight_d_eisenhower,Dwight D. Eisenhower,Person,Dwight D. Eisenhower,9,The McLean Va. Years,1,seed_phrase,accepted,Historical person/president reference.
person_elwood_heiner,Elwood Heiner,Person,Elwood Heiner,2,The Teenage Period,1,seed_phrase,,Elders quorum president
person_franklin_d_roosevelt,Franklin D. Roosevelt,Person,Franklin D. Roosevelt,1,Earliest Memories,2,seed_phrase,,U.S. President historical context
person_franklin_d_roosevelt,Franklin D. Roosevelt,Person,Franklin D. Roosevelt,3,World War Two,2,seed_phrase,,U.S. President historical context
person_franklin_d_roosevelt,Franklin D. Roosevelt,Person,Franklin D. Roosevelt,4,My College Years BYU and Colombia,1,seed_phrase,,U.S. President historical context
person_george_albert_smith,George Albert Smith,Person,George Albert Smith,1,Earliest Memories,1,seed_phrase,,LDS church leader
person_george_f_richards,George F. Richards,Person,George F. Richards,1,Earliest Memories,1,seed_phrase,,LDS church leader
person_harold_price,Harold Price,Person,Harold Price,2,The Teenage Period,1,seed_phrase,,Friend
person_harold_price,Harold Price,Person,Harold Price,4,My College Years BYU and Colombia,1,seed_phrase,,Friend
person_harry_truman,Harry Truman,Person,Harry Truman,3,World War Two,1,seed_phrase,,U.S. President historical context
person_heber_austin,Heber Austin,Person,Heber Austin,2,The Teenage Period,1,seed_phrase,,Stake president
person_heber_j_grant,Heber J. Grant,Person,Heber J. Grant,1,Earliest Memories,1,seed_phrase,,LDS president
person_heber_j_grant,Heber J. Grant,Person,Heber J. Grant,3,World War Two,1,seed_phrase,,LDS president
person_heber_j_grant,Heber J. Grant,Person,Heber J. Grant,5,The CIA,2,seed_phrase,,LDS president
person_herbert_hoover,Herbert Hoover,Person,Herbert Hoover,1,Earliest Memories,1,seed_phrase,,U.S. President historical context
person_howard_hughes,Howard Hughes,Person,Howard Hughes,4,My College Years BYU and Colombia,1,seed_phrase,accepted,Historical person/candidate from memoir.
person_howard_hughes,Howard Hughes,Person,Howard Hughes,5,The CIA,1,seed_phrase,accepted,Historical person/candidate from memoir.
person_howard_hunt,Howard Hunt,Person,E. Howard Hunt,6,Montevideo Uruguay,1,seed_phrase,accepted,Person related to CIA/Watergate-era context; preserve exact memoir usage.
person_howard_hunt,Howard Hunt,Person,Howard Hunt,6,Montevideo Uruguay,1,seed_phrase,accepted,Person related to CIA/Watergate-era context; preserve exact memoir usage.
person_howard_hunt,Howard Hunt,Person,Howard Hunt,11,Post Rio to Retirement,2,seed_phrase,accepted,Person related to CIA/Watergate-era context; preserve exact memoir usage.
person_ila_rose,Ila Rose,Person,Ila Rose,1,Earliest Memories,5,seed_phrase,,Sister/family member
person_ila_rose,Ila Rose,Person,Ila Rose,2,The Teenage Period,1,seed_phrase,,Sister/family member
person_ila_rose,Ila Rose,Person,Ila Rose,4,My College Years BYU and Colombia,2,seed_phrase,,Sister/family member
person_ila_rose,Ila Rose,Person,Ila Rose,7,Headquarters Duty,1,seed_phrase,,Sister/family member
person_j_golden_kimball,J. Golden Kimball,Person,J. Golden Kimball,1,Earliest Memories,1,seed_phrase,,LDS church leader
person_jack_kelley,Jack Kelley,Person,Jack Kelley,2,The Teenage Period,3,seed_phrase,,Friend
person_joe_dunn,Joe Dunn,Person,Joe Dunn,5,The CIA,1,seed_phrase,accepted,Person candidate from memoir.
person_joe_dunn,Joe Dunn,Person,Joe Dunn,6,Montevideo Uruguay,1,seed_phrase,accepted,Person candidate from memoir.
person_john_s_mccain,John S. McCain,Person,John S. McCain,3,World War Two,1,seed_phrase,,Admiral WWII context
person_joseph_fielding_smith,Joseph Fielding Smith,Person,Joseph Fielding Smith,1,Earliest Memories,1,seed_phrase,,LDS church leader
person_joseph_smith,Joseph Smith,Person,Joseph Smith,4,My College Years BYU and Colombia,1,seed_phrase,accepted,Religious/historical person.
person_joseph_smith,Joseph Smith,Person,Joseph Smith,5,The CIA,2,seed_phrase,accepted,Religious/historical person.
person_joseph_smith,Joseph Smith,Person,Joseph Smith,7,Headquarters Duty,1,seed_phrase,accepted,Religious/historical person.
person_joyce_mcneill,Joyce McNeill,Person,Joyce McNeill,2,The Teenage Period,3,seed_phrase,,First wife
person_julian_lowe,Julian Lowe,Person,Julian Lowe,7,Headquarters Duty,2,seed_phrase,accepted,Person candidate from memoir.
person_julian_lowe,Julian Lowe,Person,Julian Lowe,8,Rio De Janeiro,1,seed_phrase,accepted,Person candidate from memoir.
person_julian_lowe,Julian Lowe,Person,Julian Lowe,11,Post Rio to Retirement,1,seed_phrase,accepted,Person candidate from memoir.
person_lester_allan_harris,Lester Allan Harris,Person,Lester Allan Harris,2,The Teenage Period,1,seed_phrase,,Brother-in-law full name
person_louis_f_nuffer,Louis F. Nuffer,Person,Louis F. Nuffer,2,The Teenage Period,1,seed_phrase,,Bishop/teacher
person_loverna,Loverna,Person,Loverna,1,Earliest Memories,4,seed_phrase,,Sister/family member
person_loverna,Loverna,Person,Loverna,2,The Teenage Period,6,seed_phrase,,Sister/family member
person_loverna,Loverna,Person,Loverna,5,The CIA,2,seed_phrase,,Sister/family member
person_loverna,Loverna,Person,Loverna,11,Post Rio to Retirement,1,seed_phrase,,Sister/family member
person_lucy_guyaz,Lucy Guyaz,Person,Lucy Guyaz,1,Earliest Memories,1,seed_phrase,,Aunt/family member
person_lyndon_johnson,Lyndon Johnson,Person,Lyndon Johnson,7,Headquarters Duty,1,seed_phrase,accepted,Historical person/president reference.
person_lyndon_johnson,Lyndon Johnson,Person,Lyndon Johnson,9,The McLean Va. Years,1,seed_phrase,accepted,Historical person/president reference.
person_maria_del_carmen_stevens,Maria del Carmen Stevens,Person,Maria del Carmen Stevens,1,Earliest Memories,1,seed_phrase,,Richard's wife
person_marion,Marion,Person,Marion,3,World War Two,1,seed_phrase,,Later spouse/family reference
person_marion,Marion,Person,Marion,4,My College Years BYU and Colombia,24,seed_phrase,,Later spouse/family reference
person_marion,Marion,Person,Marion,5,The CIA,24,seed_phrase,,Later spouse/family reference
person_marion,Marion,Person,Marion,6,Montevideo Uruguay,4,seed_phrase,,Later spouse/family reference
person_marion,Marion,Person,Marion,7,Headquarters Duty,14,seed_phrase,,Later spouse/family reference
person_marion,Marion,Person,Marion,8,Rio De Janeiro,12,seed_phrase,,Later spouse/family reference
person_marion,Marion,Person,Marion,9,The McLean Va. Years,4,seed_phrase,,Later spouse/family reference
person_marion,Marion,Person,Marion,11,Post Rio to Retirement,4,seed_phrase,,Later spouse/family reference
person_martin,Martin,Person,Martin,1,Earliest Memories,5,seed_phrase,,Brother/family member
person_martin,Martin,Person,Martin,2,The Teenage Period,2,seed_phrase,,Brother/family member
person_martin,Martin,Person,Martin,3,World War Two,1,seed_phrase,,Brother/family member
person_martin,Martin,Person,Martin,4,My College Years BYU and Colombia,3,seed_phrase,,Brother/family member
person_martin,Martin,Person,Martin,5,The CIA,3,seed_phrase,,Brother/family member
person_martin,Martin,Person,Martin,8,Rio De Janeiro,1,seed_phrase,,Brother/family member
person_martin,Martin,Person,Martin,9,The McLean Va. Years,1,seed_phrase,,Brother/family member
person_martin,Martin,Person,Martin,11,Post Rio to Retirement,2,seed_phrase,,Brother/family member
person_martin_harris,Martin Harris,Person,Martin Harris,2,The Teenage Period,1,seed_phrase,,Great grandfather / LDS history
person_martin_harris,Martin Harris,Person,Martin Harris,4,My College Years BYU and Colombia,1,seed_phrase,,Great grandfather / LDS history
person_martin_harris,Martin Harris,Person,Martin Harris,5,The CIA,1,seed_phrase,,Great grandfather / LDS history
person_martin_luther_king,Martin Luther King,Person,Martin Luther King,9,The McLean Va. Years,1,seed_phrase,accepted,Historical person reference.
person_martin_luther_king,Martin Luther King,Person,Martin Luther King,11,Post Rio to Retirement,1,seed_phrase,accepted,Historical person reference.
person_mary_anderson,Mary Anderson,Person,Mary Anderson,1,Earliest Memories,1,seed_phrase,,Family source
person_maryette_rice_harris_standley,Maryette Rice Harris Standley,Person,Maryette Rice Harris Standley,1,Earliest Memories,1,seed_phrase,,Grandmother/family history
person_melvin_olsen,Melvin Olsen,Person,Melvin Olsen,2,The Teenage Period,2,seed_phrase,,Friend
person_nathan_harris,Nathan Harris,Person,Nathan Harris,1,Earliest Memories,1,seed_phrase,,Cousin/lawyer story
person_raymond_spruance,Raymond Spruance,Person,Raymond Spruance,3,World War Two,1,seed_phrase,,Admiral WWII context
person_reed_smoot,Reed Smoot,Person,Reed Smoot,1,Earliest Memories,1,seed_phrase,,Senator/church figure historical context
person_reuel_neilson,Reuel Neilson,Person,Reuel Neilson,2,The Teenage Period,1,seed_phrase,,Friend
person_rhoda_jones,Rhoda Jones,Person,Rhoda Jones,4,My College Years BYU and Colombia,1,seed_phrase,accepted,Person candidate from memoir.
person_rhoda_jones,Rhoda Jones,Person,Rhoda Jones,6,Montevideo Uruguay,1,seed_phrase,accepted,Person candidate from memoir.
person_rhoda_jones,Rhoda Jones,Person,Rhoda Jones,7,Headquarters Duty,1,seed_phrase,accepted,Person candidate from memoir.
person_rhoda_jones,Rhoda Jones,Person,Rhoda Jones,8,Rio De Janeiro,1,seed_phrase,accepted,Person candidate from memoir.
person_rhoda_jones,Rhoda Jones,Person,Rhoda Jones,11,Post Rio to Retirement,1,seed_phrase,accepted,Person candidate from memoir.
person_richard,Richard,Person,Richard,1,Earliest Memories,13,seed_phrase,,Brother/family member
person_richard,Richard,Person,Richard,3,World War Two,1,seed_phrase,,Brother/family member
person_richard,Richard,Person,Richard,4,My College Years BYU and Colombia,1,seed_phrase,,Brother/family member
person_richard,Richard,Person,Richard,6,Montevideo Uruguay,1,seed_phrase,,Brother/family member
person_richard,Richard,Person,Richard,7,Headquarters Duty,1,seed_phrase,,Brother/family member
person_richard,Richard,Person,Richard,8,Rio De Janeiro,2,seed_phrase,,Brother/family member
person_richard,Richard,Person,Richard,9,The McLean Va. Years,1,seed_phrase,,Brother/family member
person_richard,Richard,Person,Richard,11,Post Rio to Retirement,1,seed_phrase,,Brother/family member
person_richard_m_nixon,Richard M. Nixon,Person,Richard M. Nixon,4,My College Years BYU and Colombia,1,seed_phrase,accepted,Historical person/president reference.
person_richard_m_nixon,Richard M. Nixon,Person,Richard M. Nixon,6,Montevideo Uruguay,1,seed_phrase,accepted,Historical person/president reference.
person_richard_m_nixon,Richard M. Nixon,Person,Richard Nixon,8,Rio De Janeiro,1,seed_phrase,accepted,Historical person/president reference.
person_richard_m_nixon,Richard M. Nixon,Person,Richard M. Nixon,9,The McLean Va. Years,1,seed_phrase,accepted,Historical person/president reference.
person_richard_r_lyman,Richard R. Lyman,Person,Richard R. Lyman,1,Earliest Memories,1,seed_phrase,,LDS church leader
person_roger_williams,Roger Williams,Person,Roger Williams,3,World War Two,1,seed_phrase,,Providence historical reference
person_rudger_clawson,Rudger Clawson,Person,Rudger Clawson,1,Earliest Memories,1,seed_phrase,,LDS church leader
person_solomon_r_harris,Solomon R. Harris,Person,Solomon R. Harris,1,Earliest Memories,1,seed_phrase,,Uncle/family member
person_solomon_webster_harris,Solomon Webster Harris,Person,Solomon Webster Harris,1,Earliest Memories,1,seed_phrase,,Grandfather/family history
person_solomon_webster_harris,Solomon Webster Harris,Person,Solomon Webster Harris,4,My College Years BYU and Colombia,1,seed_phrase,,Grandfather/family history
person_spencer_w_kimball,Spencer W. Kimball,Person,Spencer W. Kimball,1,Earliest Memories,1,seed_phrase,,LDS church leader
person_spencer_w_kimball,Spencer W. Kimball,Person,Spencer W. Kimball,6,Montevideo Uruguay,1,seed_phrase,,LDS church leader
person_stephen_l_richards,Stephen L. Richards,Person,Stephen L. Richards,1,Earliest Memories,1,seed_phrase,,LDS church leader
person_sylvester_q_cannon,Sylvester Q. Cannon,Person,Sylvester Q. Cannon,1,Earliest Memories,1,seed_phrase,,LDS church leader
person_t_j_hurley,T. J. Hurley,Person,T. J. Hurley,2,The Teenage Period,1,seed_phrase,,Western Electric boss
person_tony_martin,Tony Martin,Person,Tony Martin,3,World War Two,1,seed_phrase,,Singer/naval training reference
person_tyrone_power,Tyrone Power,Person,Tyrone Power,3,World War Two,1,seed_phrase,,Actor/naval instructor reference
person_vern_l_brown,Vern L. Brown,Person,Vern L. Brown,2,The Teenage Period,1,seed_phrase,,Bishopric member
person_wendell_thorne,Wendell Thorne,Person,Wendell Thorne,5,The CIA,1,seed_phrase,accepted,Person candidate from memoir.
person_wendell_thorne,Wendell Thorne,Person,Wendell Thorne,11,Post Rio to Retirement,1,seed_phrase,accepted,Person candidate from memoir.
person_wiley_snarr,Wiley Snarr,Person,Wiley Snarr,2,The Teenage Period,1,seed_phrase,,Farm employer/church connection
person_wilmer_norton,Wilmer Norton,Person,Wilmer Norton,2,The Teenage Period,1,seed_phrase,,Friend
place_arizona,Arizona,Place,Arizona,1,Earliest Memories,12,seed_phrase,,State/geographic setting
place_arizona,Arizona,Place,Arizona,3,World War Two,1,seed_phrase,,State/geographic setting
place_arizona,Arizona,Place,Arizona,7,Headquarters Duty,1,seed_phrase,,State/geographic setting
place_arizona,Arizona,Place,Arizona,11,Post Rio to Retirement,2,seed_phrase,,State/geographic setting
place_atlantic_ocean,Atlantic Ocean,Place,Atlantic Ocean,1,Earliest Memories,1,seed_phrase,candidate,Curated from unclassified list.
place_atlantic_ocean,Atlantic Ocean,Place,Atlantic Ocean,3,World War Two,1,seed_phrase,candidate,Curated from unclassified list.
place_balboa_beach,Balboa Beach,Place,Balboa Beach,2,The Teenage Period,1,seed_phrase,,School outing
place_boston,Boston,Place,Boston,3,World War Two,5,seed_phrase,,Shipyard and historical sites
place_bremerton,Bremerton,Place,Bremerton,3,World War Two,4,seed_phrase,,Ship repair location
place_bunker_hill,Bunker Hill,Place,Bunker Hill,3,World War Two,1,seed_phrase,,American Revolution site
place_california,California,Place,California,2,The Teenage Period,4,seed_phrase,,State/geographic setting
place_california,California,Place,California,4,My College Years BYU and Colombia,2,seed_phrase,,State/geographic setting
place_california,California,Place,California,5,The CIA,3,seed_phrase,,State/geographic setting
place_california,California,Place,California,6,Montevideo Uruguay,1,seed_phrase,,State/geographic setting
place_california,California,Place,California,7,Headquarters Duty,1,seed_phrase,,State/geographic setting
place_california,California,Place,California,8,Rio De Janeiro,2,seed_phrase,,State/geographic setting
place_california,California,Place,California,11,Post Rio to Retirement,4,seed_phrase,,State/geographic setting
place_caribbean,Caribbean,Place,Caribbean,3,World War Two,1,seed_phrase,,Shakedown cruise
place_clarkston,Clarkston,Place,Clarkston,2,The Teenage Period,1,seed_phrase,,Martin Harris grave site
place_concord,Concord,Place,Concord,2,The Teenage Period,1,seed_phrase,,American Revolution site
place_concord,Concord,Place,Concord,3,World War Two,1,seed_phrase,,American Revolution site
place_corpus_christi,Corpus Christi,Place,Corpus Christi,2,The Teenage Period,2,seed_phrase,,Naval training
place_corpus_christi,Corpus Christi,Place,Corpus Christi,3,World War Two,2,seed_phrase,,Naval training
place_corpus_christi,Corpus Christi,Place,Corpus Christi,8,Rio De Janeiro,1,seed_phrase,,Naval training
place_falls_church,Falls Church,Place,Falls Church,5,The CIA,2,seed_phrase,accepted,Place in Virginia/DC area context.
place_falls_church,Falls Church,Place,Falls Church,7,Headquarters Duty,3,seed_phrase,accepted,Place in Virginia/DC area context.
place_far_east,Far East,Place,Far East,3,World War Two,1,seed_phrase,accepted,Regional place term used in historical/institutional context.
place_far_east,Far East,Place,Far East,5,The CIA,1,seed_phrase,accepted,Regional place term used in historical/institutional context.
place_far_east,Far East,Place,Far East,6,Montevideo Uruguay,1,seed_phrase,accepted,Regional place term used in historical/institutional context.
place_hawaii,Hawaii,Place,Hawaii,2,The Teenage Period,1,seed_phrase,,Pacific theater
place_hawaii,Hawaii,Place,Hawaii,3,World War Two,1,seed_phrase,,Pacific theater
place_hill_cumorah,Hill Cumorah,Place,Hill Cumorah,7,Headquarters Duty,1,seed_phrase,candidate,Curated from unclassified list.
place_hill_cumorah,Hill Cumorah,Place,Hill Cumorah,11,Post Rio to Retirement,1,seed_phrase,candidate,Curated from unclassified list.
place_idaho,Idaho,Place,Idaho,1,Earliest Memories,15,seed_phrase,,State/geographic setting
place_idaho,Idaho,Place,Idaho,2,The Teenage Period,12,seed_phrase,,State/geographic setting
place_idaho,Idaho,Place,Idaho,3,World War Two,3,seed_phrase,,State/geographic setting
place_idaho,Idaho,Place,Idaho,4,My College Years BYU and Colombia,12,seed_phrase,,State/geographic setting
place_idaho,Idaho,Place,Idaho,5,The CIA,3,seed_phrase,,State/geographic setting
place_idaho,Idaho,Place,Idaho,6,Montevideo Uruguay,1,seed_phrase,,State/geographic setting
place_idaho_falls,Idaho Falls,Place,Idaho Falls,1,Earliest Memories,11,seed_phrase,,Early childhood and later family setting
place_idaho_falls,Idaho Falls,Place,Idaho Falls,2,The Teenage Period,9,seed_phrase,,Early childhood and later family setting
place_idaho_falls,Idaho Falls,Place,Idaho Falls,3,World War Two,1,seed_phrase,,Early childhood and later family setting
place_idaho_falls,Idaho Falls,Place,Idaho Falls,4,My College Years BYU and Colombia,11,seed_phrase,,Early childhood and later family setting
place_idaho_falls,Idaho Falls,Place,Idaho Falls,5,The CIA,1,seed_phrase,,Early childhood and later family setting
place_japan,Japan,Place,Japan,2,The Teenage Period,4,seed_phrase,,Pacific theater
place_japan,Japan,Place,Japan,3,World War Two,2,seed_phrase,,Pacific theater
place_japan,Japan,Place,Japan,6,Montevideo Uruguay,2,seed_phrase,,Pacific theater
place_kansas_city,Kansas City,Place,Kansas City,5,The CIA,1,seed_phrase,accepted,Place candidate from memoir.
place_kansas_city,Kansas City,Place,Kansas City,11,Post Rio to Retirement,1,seed_phrase,accepted,Place candidate from memoir.
place_lexington,Lexington,Place,Lexington,3,World War Two,1,seed_phrase,,American Revolution site
place_logan,Logan,Place,Logan,1,Earliest Memories,2,seed_phrase,,Utah family and church context
place_logan,Logan,Place,Logan,2,The Teenage Period,2,seed_phrase,,Utah family and church context
place_logan,Logan,Place,Logan,3,World War Two,2,seed_phrase,,Utah family and church context
place_lone_pine,Lone Pine,Place,Lone Pine,1,Earliest Memories,1,seed_phrase,,Homestead area east of Idaho Falls
place_los_angeles,Los Angeles,Place,Los Angeles,9,The McLean Va. Years,1,seed_phrase,accepted,Place candidate from memoir.
place_los_angeles,Los Angeles,Place,Los Angeles,11,Post Rio to Retirement,2,seed_phrase,accepted,Place candidate from memoir.
place_marcus_island,Marcus Island,Place,Marcus Island,3,World War Two,1,seed_phrase,,Pacific theater
place_marianas_islands,Marianas Islands,Place,Marianas Islands,3,World War Two,1,seed_phrase,,Pacific theater
place_mesa,Mesa,Place,Mesa,1,Earliest Memories,8,seed_phrase,,Arizona childhood period
place_montevideo,Montevideo,Place,Montevideo,6,Montevideo Uruguay,9,seed_phrase,,Foreign service post
place_montevideo,Montevideo,Place,Montevideo,8,Rio De Janeiro,4,seed_phrase,,Foreign service post
place_montevideo,Montevideo,Place,Montevideo,11,Post Rio to Retirement,2,seed_phrase,,Foreign service post
place_new_york,New York,Place,New York,1,Earliest Memories,1,seed_phrase,accepted,Place; review specific New York vs New York City mentions if needed.
place_new_york,New York,Place,New York,4,My College Years BYU and Colombia,16,seed_phrase,accepted,Place; review specific New York vs New York City mentions if needed.
place_new_york,New York,Place,New York City,4,My College Years BYU and Colombia,5,seed_phrase,accepted,Place; review specific New York vs New York City mentions if needed.
place_new_york,New York,Place,New York,5,The CIA,2,seed_phrase,accepted,Place; review specific New York vs New York City mentions if needed.
place_new_york,New York,Place,New York,6,Montevideo Uruguay,3,seed_phrase,accepted,Place; review specific New York vs New York City mentions if needed.
place_new_york,New York,Place,New York City,6,Montevideo Uruguay,1,seed_phrase,accepted,Place; review specific New York vs New York City mentions if needed.
place_new_york,New York,Place,New York,7,Headquarters Duty,2,seed_phrase,accepted,Place; review specific New York vs New York City mentions if needed.
place_new_york,New York,Place,New York,8,Rio De Janeiro,3,seed_phrase,accepted,Place; review specific New York vs New York City mentions if needed.
place_new_york,New York,Place,New York,9,The McLean Va. Years,2,seed_phrase,accepted,Place; review specific New York vs New York City mentions if needed.
place_new_york,New York,Place,New York City,9,The McLean Va. Years,1,seed_phrase,accepted,Place; review specific New York vs New York City mentions if needed.
place_new_york,New York,Place,New York,11,Post Rio to Retirement,1,seed_phrase,accepted,Place; review specific New York vs New York City mentions if needed.
place_new_york_city,New York City,Place,New York City,4,My College Years BYU and Colombia,5,seed_phrase,candidate,Curated from unclassified list.
place_new_york_city,New York City,Place,New York City,6,Montevideo Uruguay,1,seed_phrase,candidate,Curated from unclassified list.
place_new_york_city,New York City,Place,New York City,9,The McLean Va. Years,1,seed_phrase,candidate,Curated from unclassified list.
place_panama_canal,Panama Canal,Place,Panama Canal,3,World War Two,1,seed_phrase,,Naval transit
place_pearl_harbor,Pearl Harbor,Place,Pearl Harbor,2,The Teenage Period,2,seed_phrase,,Pacific theater / war memory
place_pearl_harbor,Pearl Harbor,Place,Pearl Harbor,3,World War Two,3,seed_phrase,,Pacific theater / war memory
place_philippine_islands,Philippine Islands,Place,Philippine Islands,1,Earliest Memories,1,seed_phrase,,Richard and WWII context
place_philippine_islands,Philippine Islands,Place,Philippine Islands,3,World War Two,2,seed_phrase,,Richard and WWII context
place_philippines,Philippines,Place,Philippines,1,Earliest Memories,2,seed_phrase,,Richard and WWII context
place_philippines,Philippines,Place,Philippines,2,The Teenage Period,1,seed_phrase,,Richard and WWII context
place_philippines,Philippines,Place,Philippines,3,World War Two,1,seed_phrase,,Richard and WWII context
place_pomona,Pomona,Place,Pomona,2,The Teenage Period,4,seed_phrase,,California teenage period
place_providence,Providence,Place,Providence,3,World War Two,3,seed_phrase,,Ancestor research setting
place_quonset_point,Quonset Point,Place,Quonset Point,3,World War Two,2,seed_phrase,,Naval assignment
place_rhode_island,Rhode Island,Place,Rhode Island,2,The Teenage Period,1,seed_phrase,,State/geographic setting
place_rhode_island,Rhode Island,Place,Rhode Island,3,World War Two,1,seed_phrase,,State/geographic setting
place_rio_de_janeiro,Rio De Janeiro,Place,Rio De Janeiro,7,Headquarters Duty,2,seed_phrase,,Foreign service post
place_rio_de_janeiro,Rio De Janeiro,Place,Rio De Janeiro,8,Rio De Janeiro,9,seed_phrase,,Foreign service post
place_rio_de_janeiro,Rio De Janeiro,Place,Rio De Janeiro,9,The McLean Va. Years,1,seed_phrase,,Foreign service post
place_rio_de_janeiro,Rio De Janeiro,Place,Rio De Janeiro,11,Post Rio to Retirement,1,seed_phrase,,Foreign service post
place_sable_drive,Sable Drive,Place,Sable Drive,5,The CIA,1,seed_phrase,accepted,Address/place reference candidate.
place_sable_drive,Sable Drive,Place,Sable Drive,7,Headquarters Duty,1,seed_phrase,accepted,Address/place reference candidate.
place_salmon,Salmon,Place,Salmon,1,Earliest Memories,5,seed_phrase,,Idaho family visit location
place_salt_lake_city,Salt Lake City,Place,Salt Lake City,1,Earliest Memories,1,seed_phrase,,Work church college and family setting
place_salt_lake_city,Salt Lake City,Place,Salt Lake City,2,The Teenage Period,4,seed_phrase,,Work church college and family setting
place_salt_lake_city,Salt Lake City,Place,Salt Lake City,4,My College Years BYU and Colombia,4,seed_phrase,,Work church college and family setting
place_san_diego,San Diego,Place,San Diego,3,World War Two,1,seed_phrase,,Naval transit
place_san_francisco,San Francisco,Place,San Francisco,2,The Teenage Period,2,seed_phrase,,Worlds Fair and naval training
place_san_francisco,San Francisco,Place,San Francisco,3,World War Two,1,seed_phrase,,Worlds Fair and naval training
place_san_francisco,San Francisco,Place,San Francisco,4,My College Years BYU and Colombia,1,seed_phrase,,Worlds Fair and naval training
place_sao_paulo,Sao Paulo,Place,Sao Paulo,8,Rio De Janeiro,2,seed_phrase,accepted,Place; include accented variant.
place_sao_paulo,Sao Paulo,Place,Sao Paulo,9,The McLean Va. Years,1,seed_phrase,accepted,Place; include accented variant.
place_shanks_village,Shanks Village,Place,Shanks Village,4,My College Years BYU and Colombia,4,seed_phrase,accepted,Place candidate from memoir.
place_shanks_village,Shanks Village,Place,Shanks Village,5,The CIA,1,seed_phrase,accepted,Place candidate from memoir.
place_soda_springs,Soda Springs,Place,Soda Springs,2,The Teenage Period,1,seed_phrase,,Idaho trip location
place_south_china_sea,South China Sea,Place,South China Sea,3,World War Two,2,seed_phrase,,Pacific theater
place_soviet_union,Soviet Union,Place,USSR,1,Earliest Memories,1,seed_phrase,accepted,Country/geopolitical entity; useful for Cold War/CIA context.
place_soviet_union,Soviet Union,Place,Soviet Union,4,My College Years BYU and Colombia,1,seed_phrase,accepted,Country/geopolitical entity; useful for Cold War/CIA context.
place_soviet_union,Soviet Union,Place,Soviet Union,5,The CIA,13,seed_phrase,accepted,Country/geopolitical entity; useful for Cold War/CIA context.
place_soviet_union,Soviet Union,Place,U.S.S.R.,5,The CIA,1,seed_phrase,accepted,Country/geopolitical entity; useful for Cold War/CIA context.
place_soviet_union,Soviet Union,Place,Soviet Union,6,Montevideo Uruguay,3,seed_phrase,accepted,Country/geopolitical entity; useful for Cold War/CIA context.
place_soviet_union,Soviet Union,Place,U.S.S.R.,6,Montevideo Uruguay,1,seed_phrase,accepted,Country/geopolitical entity; useful for Cold War/CIA context.
place_soviet_union,Soviet Union,Place,Soviet Union,7,Headquarters Duty,7,seed_phrase,accepted,Country/geopolitical entity; useful for Cold War/CIA context.
place_soviet_union,Soviet Union,Place,Soviet Union,8,Rio De Janeiro,1,seed_phrase,accepted,Country/geopolitical entity; useful for Cold War/CIA context.
place_soviet_union,Soviet Union,Place,Soviet Union,9,The McLean Va. Years,2,seed_phrase,accepted,Country/geopolitical entity; useful for Cold War/CIA context.
place_teton_mountains,Teton Mountains,Place,Teton Mountains,2,The Teenage Period,1,seed_phrase,,Mountain setting near Victor
place_tooele,Tooele,Place,Tooele,1,Earliest Memories,1,seed_phrase,,Utah family stop en route
place_treasure_island,Treasure Island,Place,Treasure Island,2,The Teenage Period,2,seed_phrase,,Worlds Fair and boot camp
place_treasure_island,Treasure Island,Place,Treasure Island,3,World War Two,1,seed_phrase,,Worlds Fair and boot camp
place_united_states,United States,Place,U.S.,1,Earliest Memories,5,seed_phrase,accepted,Country/geopolitical place; high-value recurring historical/geographic entity.
place_united_states,United States,Place,United States,1,Earliest Memories,3,seed_phrase,accepted,Country/geopolitical place; high-value recurring historical/geographic entity.
place_united_states,United States,Place,US,1,Earliest Memories,8,seed_phrase,accepted,Country/geopolitical place; high-value recurring historical/geographic entity.
place_united_states,United States,Place,U.S.,2,The Teenage Period,9,seed_phrase,accepted,Country/geopolitical place; high-value recurring historical/geographic entity.
place_united_states,United States,Place,United States,2,The Teenage Period,1,seed_phrase,accepted,Country/geopolitical place; high-value recurring historical/geographic entity.
place_united_states,United States,Place,US,2,The Teenage Period,4,seed_phrase,accepted,Country/geopolitical place; high-value recurring historical/geographic entity.
place_united_states,United States,Place,U.S.,3,World War Two,8,seed_phrase,accepted,Country/geopolitical place; high-value recurring historical/geographic entity.
place_united_states,United States,Place,US,3,World War Two,5,seed_phrase,accepted,Country/geopolitical place; high-value recurring historical/geographic entity.
place_united_states,United States,Place,U.S.,4,My College Years BYU and Colombia,3,seed_phrase,accepted,Country/geopolitical place; high-value recurring historical/geographic entity.
place_united_states,United States,Place,United States,4,My College Years BYU and Colombia,2,seed_phrase,accepted,Country/geopolitical place; high-value recurring historical/geographic entity.
place_united_states,United States,Place,US,4,My College Years BYU and Colombia,8,seed_phrase,accepted,Country/geopolitical place; high-value recurring historical/geographic entity.
place_united_states,United States,Place,U.S.,5,The CIA,7,seed_phrase,accepted,Country/geopolitical place; high-value recurring historical/geographic entity.
place_united_states,United States,Place,United States,5,The CIA,1,seed_phrase,accepted,Country/geopolitical place; high-value recurring historical/geographic entity.
place_united_states,United States,Place,US,5,The CIA,16,seed_phrase,accepted,Country/geopolitical place; high-value recurring historical/geographic entity.
place_united_states,United States,Place,U.S.,6,Montevideo Uruguay,6,seed_phrase,accepted,Country/geopolitical place; high-value recurring historical/geographic entity.
place_united_states,United States,Place,United States,6,Montevideo Uruguay,3,seed_phrase,accepted,Country/geopolitical place; high-value recurring historical/geographic entity.
place_united_states,United States,Place,US,6,Montevideo Uruguay,7,seed_phrase,accepted,Country/geopolitical place; high-value recurring historical/geographic entity.
place_united_states,United States,Place,U.S.,7,Headquarters Duty,3,seed_phrase,accepted,Country/geopolitical place; high-value recurring historical/geographic entity.
place_united_states,United States,Place,United States,7,Headquarters Duty,6,seed_phrase,accepted,Country/geopolitical place; high-value recurring historical/geographic entity.
place_united_states,United States,Place,US,7,Headquarters Duty,10,seed_phrase,accepted,Country/geopolitical place; high-value recurring historical/geographic entity.
place_united_states,United States,Place,US,8,Rio De Janeiro,17,seed_phrase,accepted,Country/geopolitical place; high-value recurring historical/geographic entity.
place_united_states,United States,Place,United States,9,The McLean Va. Years,2,seed_phrase,accepted,Country/geopolitical place; high-value recurring historical/geographic entity.
place_united_states,United States,Place,US,9,The McLean Va. Years,1,seed_phrase,accepted,Country/geopolitical place; high-value recurring historical/geographic entity.
place_united_states,United States,Place,U.S.,11,Post Rio to Retirement,4,seed_phrase,accepted,Country/geopolitical place; high-value recurring historical/geographic entity.
place_united_states,United States,Place,United States,11,Post Rio to Retirement,2,seed_phrase,accepted,Country/geopolitical place; high-value recurring historical/geographic entity.
place_united_states,United States,Place,US,11,Post Rio to Retirement,10,seed_phrase,accepted,Country/geopolitical place; high-value recurring historical/geographic entity.
place_uruguay,Uruguay,Place,Uruguay,6,Montevideo Uruguay,22,seed_phrase,,Foreign service post
place_uruguay,Uruguay,Place,Uruguay,7,Headquarters Duty,4,seed_phrase,,Foreign service post
place_utah,Utah,Place,Utah,1,Earliest Memories,5,seed_phrase,,State/geographic setting
place_utah,Utah,Place,Utah,2,The Teenage Period,2,seed_phrase,,State/geographic setting
place_utah,Utah,Place,Utah,3,World War Two,3,seed_phrase,,State/geographic setting
place_utah,Utah,Place,Utah,4,My College Years BYU and Colombia,6,seed_phrase,,State/geographic setting
place_utah,Utah,Place,Utah,5,The CIA,3,seed_phrase,,State/geographic setting
place_utah,Utah,Place,Utah,6,Montevideo Uruguay,3,seed_phrase,,State/geographic setting
place_utah,Utah,Place,Utah,7,Headquarters Duty,4,seed_phrase,,State/geographic setting
place_utah,Utah,Place,Utah,8,Rio De Janeiro,5,seed_phrase,,State/geographic setting
place_utah,Utah,Place,Utah,9,The McLean Va. Years,2,seed_phrase,,State/geographic setting
place_utah,Utah,Place,Utah,11,Post Rio to Retirement,2,seed_phrase,,State/geographic setting
place_victor,Victor,Place,Victor,2,The Teenage Period,1,seed_phrase,,Idaho pea picking location
place_vietnam,Vietnam,Place,Vietnam,3,World War Two,2,seed_phrase,,Later name for Indochina
place_vietnam,Vietnam,Place,Vietnam,8,Rio De Janeiro,1,seed_phrase,,Later name for Indochina
place_vietnam,Vietnam,Place,Vietnam,9,The McLean Va. Years,2,seed_phrase,,Later name for Indochina
place_vietnam,Vietnam,Place,Vietnam,11,Post Rio to Retirement,1,seed_phrase,,Later name for Indochina
place_virginia,Virginia,Place,Virginia,4,My College Years BYU and Colombia,1,seed_phrase,,State/geographic setting
place_virginia,Virginia,Place,Virginia,5,The CIA,5,seed_phrase,,State/geographic setting
place_virginia,Virginia,Place,Virginia,6,Montevideo Uruguay,2,seed_phrase,,State/geographic setting
place_virginia,Virginia,Place,Virginia,7,Headquarters Duty,3,seed_phrase,,State/geographic setting
place_virginia,Virginia,Place,Virginia,8,Rio De Janeiro,1,seed_phrase,,State/geographic setting
place_virginia,Virginia,Place,Virginia,9,The McLean Va. Years,1,seed_phrase,,State/geographic setting
place_virginia,Virginia,Place,Virginia,11,Post Rio to Retirement,5,seed_phrase,,State/geographic setting
place_washington,Washington,Place,Washington,3,World War Two,3,seed_phrase,,State/geographic setting
place_washington,Washington,Place,Washington,4,My College Years BYU and Colombia,3,seed_phrase,,State/geographic setting
place_washington,Washington,Place,Washington,5,The CIA,13,seed_phrase,,State/geographic setting
place_washington,Washington,Place,Washington,6,Montevideo Uruguay,4,seed_phrase,,State/geographic setting
place_washington,Washington,Place,Washington,7,Headquarters Duty,4,seed_phrase,,State/geographic setting
place_washington,Washington,Place,Washington,8,Rio De Janeiro,2,seed_phrase,,State/geographic setting
place_washington,Washington,Place,Washington,9,The McLean Va. Years,1,seed_phrase,,State/geographic setting
place_washington,Washington,Place,Washington,11,Post Rio to Retirement,11,seed_phrase,,State/geographic setting
