id,label,short_label,type,group,chapter,title,value
chapter_1,Ch. 1: Earliest Memories,Ch. 1,Chapter,Chapter,1,"Ch. 1: Earliest Memories
Type: Chapter
Review status: unreviewed seed
Total mentions: 25",25
chapter_2,Ch. 2: The Teenage Period,Ch. 2,Chapter,Chapter,2,"Ch. 2: The Teenage Period
Type: Chapter
Review status: unreviewed seed
Total mentions: 25",25
chapter_3,Ch. 3: World War Two,Ch. 3,Chapter,Chapter,3,"Ch. 3: World War Two
Type: Chapter
Review status: unreviewed seed
Total mentions: 25",25
chapter_4,Ch. 4: My College Years BYU and Colombia,Ch. 4,Chapter,Chapter,4,"Ch. 4: My College Years BYU and Colombia
Type: Chapter
Review status: unreviewed seed
Total mentions: 25",25
chapter_5,Ch. 5: The CIA,Ch. 5,Chapter,Chapter,5,"Ch. 5: The CIA
Type: Chapter
Review status: unreviewed seed
Total mentions: 25",25
chapter_6,Ch. 6: Montevideo Uruguay,Ch. 6,Chapter,Chapter,6,"Ch. 6: Montevideo Uruguay
Type: Chapter
Review status: unreviewed seed
Total mentions: 25",25
chapter_7,Ch. 7: Headquarters Duty,Ch. 7,Chapter,Chapter,7,"Ch. 7: Headquarters Duty
Type: Chapter
Review status: unreviewed seed
Total mentions: 25",25
chapter_8,Ch. 8: Rio De Janeiro,Ch. 8,Chapter,Chapter,8,"Ch. 8: Rio De Janeiro
Type: Chapter
Review status: unreviewed seed
Total mentions: 25",25
chapter_9,Ch. 9: The McLean Va. Years,Ch. 9,Chapter,Chapter,9,"Ch. 9: The McLean Va. Years
Type: Chapter
Review status: unreviewed seed
Total mentions: 25",25
chapter_10,Ch. 10: Making a Career Change,Ch. 10,Chapter,Chapter,10,"Ch. 10: Making a Career Change
Type: Chapter
Review status: unreviewed seed
Total mentions: 25",25
chapter_11,Ch. 11: Post Rio to Retirement,Ch. 11,Chapter,Chapter,11,"Ch. 11: Post Rio to Retirement
Type: Chapter
Review status: unreviewed seed
Total mentions: 25",25
date__1973,1973,1973,Date,Date,NA,"1973
Type: Date
Review status: unreviewed seed
Total mentions: 13.856406460551",13.856406460551018
date__1945,1945,1945,Date,Date,NA,"1945
Type: Date
Review status: unreviewed seed
Total mentions: 12.6491106406735",12.649110640673518
date__1948,1948,1948,Date,Date,NA,"1948
Type: Date
Review status: unreviewed seed
Total mentions: 12.6491106406735",12.649110640673518
date__1961,1961,1961,Date,Date,NA,"1961
Type: Date
Review status: unreviewed seed
Total mentions: 12",12
date__1968,1968,1968,Date,Date,NA,"1968
Type: Date
Review status: unreviewed seed
Total mentions: 12",12
date__1953,1953,1953,Date,Date,NA,"1953
Type: Date
Review status: unreviewed seed
Total mentions: 11.3137084989848",11.31370849898476
date__1954,1954,1954,Date,Date,NA,"1954
Type: Date
Review status: unreviewed seed
Total mentions: 11.3137084989848",11.31370849898476
date__1974,1974,1974,Date,Date,NA,"1974
Type: Date
Review status: unreviewed seed
Total mentions: 11.3137084989848",11.31370849898476
date__1939,1939,1939,Date,Date,NA,"1939
Type: Date
Review status: unreviewed seed
Total mentions: 10.5830052442584",10.583005244258365
date__1950,1950,1950,Date,Date,NA,"1950
Type: Date
Review status: unreviewed seed
Total mentions: 10.5830052442584",10.583005244258365
date__1955,1955,1955,Date,Date,NA,"1955
Type: Date
Review status: unreviewed seed
Total mentions: 10.5830052442584",10.583005244258365
date__1965,1965,1965,Date,Date,NA,"1965
Type: Date
Review status: unreviewed seed
Total mentions: 10.5830052442584",10.583005244258365
date__1966,1966,1966,Date,Date,NA,"1966
Type: Date
Review status: unreviewed seed
Total mentions: 10.5830052442584",10.583005244258365
date__1947,1947,1947,Date,Date,NA,"1947
Type: Date
Review status: unreviewed seed
Total mentions: 9.79795897113271",9.797958971132712
date__1932,1932,1932,Date,Date,NA,"1932
Type: Date
Review status: unreviewed seed
Total mentions: 8.94427190999916",8.94427190999916
date__1940,1940,1940,Date,Date,NA,"1940
Type: Date
Review status: unreviewed seed
Total mentions: 8.94427190999916",8.94427190999916
date__1942,1942,1942,Date,Date,NA,"1942
Type: Date
Review status: unreviewed seed
Total mentions: 8.94427190999916",8.94427190999916
date__1952,1952,1952,Date,Date,NA,"1952
Type: Date
Review status: unreviewed seed
Total mentions: 8.94427190999916",8.94427190999916
date__1959,1959,1959,Date,Date,NA,"1959
Type: Date
Review status: unreviewed seed
Total mentions: 8.94427190999916",8.94427190999916
date__1960,1960,1960,Date,Date,NA,"1960
Type: Date
Review status: unreviewed seed
Total mentions: 8.94427190999916",8.94427190999916
date__1963,1963,1963,Date,Date,NA,"1963
Type: Date
Review status: unreviewed seed
Total mentions: 8.94427190999916",8.94427190999916
date__1969,1969,1969,Date,Date,NA,"1969
Type: Date
Review status: unreviewed seed
Total mentions: 8.94427190999916",8.94427190999916
date__1971,1971,1971,Date,Date,NA,"1971
Type: Date
Review status: unreviewed seed
Total mentions: 8.94427190999916",8.94427190999916
date__1929,1929,1929,Date,Date,NA,"1929
Type: Date
Review status: unreviewed seed
Total mentions: 8",8
date__1930,1930,1930,Date,Date,NA,"1930
Type: Date
Review status: unreviewed seed
Total mentions: 8",8
date__1943,1943,1943,Date,Date,NA,"1943
Type: Date
Review status: unreviewed seed
Total mentions: 8",8
date__1946,1946,1946,Date,Date,NA,"1946
Type: Date
Review status: unreviewed seed
Total mentions: 8",8
date__1949,1949,1949,Date,Date,NA,"1949
Type: Date
Review status: unreviewed seed
Total mentions: 8",8
date__1956,1956,1956,Date,Date,NA,"1956
Type: Date
Review status: unreviewed seed
Total mentions: 8",8
date__1958,1958,1958,Date,Date,NA,"1958
Type: Date
Review status: unreviewed seed
Total mentions: 8",8
date__1962,1962,1962,Date,Date,NA,"1962
Type: Date
Review status: unreviewed seed
Total mentions: 8",8
date__1964,1964,1964,Date,Date,NA,"1964
Type: Date
Review status: unreviewed seed
Total mentions: 8",8
date__1970,1970,1970,Date,Date,NA,"1970
Type: Date
Review status: unreviewed seed
Total mentions: 8",8
date__1972,1972,1972,Date,Date,NA,"1972
Type: Date
Review status: unreviewed seed
Total mentions: 8",8
date__1934,1934,1934,Date,Date,NA,"1934
Type: Date
Review status: unreviewed seed
Total mentions: 8",8
date__1941,1941,1941,Date,Date,NA,"1941
Type: Date
Review status: unreviewed seed
Total mentions: 8",8
date__1988,1988,1988,Date,Date,NA,"1988
Type: Date
Review status: unreviewed seed
Total mentions: 8",8
date__1924,1924,1924,Date,Date,NA,"1924
Type: Date
Review status: unreviewed seed
Total mentions: 8",8
date__1926,1926,1926,Date,Date,NA,"1926
Type: Date
Review status: unreviewed seed
Total mentions: 8",8
date__1927,1927,1927,Date,Date,NA,"1927
Type: Date
Review status: unreviewed seed
Total mentions: 8",8
date__1936,1936,1936,Date,Date,NA,"1936
Type: Date
Review status: unreviewed seed
Total mentions: 8",8
date__1957,1957,1957,Date,Date,NA,"1957
Type: Date
Review status: unreviewed seed
Total mentions: 8",8
event_world_war_ii,World War II,World War II,Event,Event,NA,"World War II
Type: Event
Review status: unreviewed seed
Total mentions: 17.8885438199983",17.88854381999832
event_vietnam_war,Vietnam War,Vietnam War,Event,Event,NA,"Vietnam War
Type: Event
Review status: unreviewed seed
Total mentions: 8",8
event_american_revolution,American Revolution,American Revolution,Event,Event,NA,"American Revolution
Type: Event
Review status: unreviewed seed
Total mentions: 8",8
organization_sunday_school,Sunday School,Sunday School,Organization,Organization,NA,"Sunday School
Type: Organization
Review status: unreviewed seed
Total mentions: 12",12
organization_air_force,Air Force,Air Force,Organization,Organization,NA,"Air Force
Type: Organization
Review status: unreviewed seed
Total mentions: 10.5830052442584",10.583005244258365
organization_columbia_university,Columbia University,Columbia University,Organization,Organization,NA,"Columbia University
Type: Organization
Review status: unreviewed seed
Total mentions: 10.5830052442584",10.583005244258365
organization_foreign_service,Foreign Service,Foreign Service,Organization,Organization,NA,"Foreign Service
Type: Organization
Review status: unreviewed seed
Total mentions: 10.5830052442584",10.583005244258365
organization_clandestine_services,Clandestine Services,Clandestine Services,Organization,Organization,NA,"Clandestine Services
Type: Organization
Review status: unreviewed seed
Total mentions: 8.94427190999916",8.94427190999916
organization_personnel_management_staff,Personnel Management Staff,Personnel Management Staff,Organization,Organization,NA,"Personnel Management Staff
Type: Organization
Review status: unreviewed seed
Total mentions: 8",8
organization_strategic_services,Strategic Services,Strategic Services,Organization,Organization,NA,"Strategic Services
Type: Organization
Review status: unreviewed seed
Total mentions: 8",8
organization_utah_state_agricultural_college,Utah State Agricultural College,Utah State Agricultural College,Organization,Organization,NA,"Utah State Agricultural College
Type: Organization
Review status: unreviewed seed
Total mentions: 8",8
organization_central_intelligence_agency,Central Intelligence Agency,Central Intelligence Agency,Organization,Organization,NA,"Central Intelligence Agency
Type: Organization
Review status: unreviewed seed
Total mentions: 8",8
organization_state_department,State Department,State Department,Organization,Organization,NA,"State Department
Type: Organization
Review status: unreviewed seed
Total mentions: 8",8
organization_western_electric,Western Electric,Western Electric,Organization,Organization,NA,"Western Electric
Type: Organization
Review status: unreviewed seed
Total mentions: 8",8
organization_first_presidency,First Presidency,First Presidency,Organization,Organization,NA,"First Presidency
Type: Organization
Review status: unreviewed seed
Total mentions: 8",8
organization_u_s_navy,U.S. Navy,U.S. Navy,Organization,Organization,NA,"U.S. Navy
Type: Organization
Review status: unreviewed seed
Total mentions: 8",8
organization_american_university,American University,American University,Organization,Organization,NA,"American University
Type: Organization
Review status: unreviewed seed
Total mentions: 8",8
organization_brigham_young_university,Brigham Young University,Brigham Young University,Organization,Organization,NA,"Brigham Young University
Type: Organization
Review status: unreviewed seed
Total mentions: 8",8
organization_church_of_jesus_christ_of_latter_day_saints,Church of Jesus Christ of Latter-day Saints,Church of Jesus Christ of Latter-day Saints,Organization,Organization,NA,"Church of Jesus Christ of Latter-day Saints
Type: Organization
Review status: unreviewed seed
Total mentions: 8",8
organization_communications_workers_of_america,Communications Workers of America,Communications Workers of America,Organization,Organization,NA,"Communications Workers of America
Type: Organization
Review status: unreviewed seed
Total mentions: 8",8
organization_eastside_grammar_school,Eastside Grammar School,Eastside Grammar School,Organization,Organization,NA,"Eastside Grammar School
Type: Organization
Review status: unreviewed seed
Total mentions: 8",8
organization_lincoln_school,Lincoln School,Lincoln School,Organization,Organization,NA,"Lincoln School
Type: Organization
Review status: unreviewed seed
Total mentions: 8",8
organization_mountain_states_telephone_and_telegraph,Mountain States Telephone and Telegraph,Mountain States Telephone and Telegraph,Organization,Organization,NA,"Mountain States Telephone and Telegraph
Type: Organization
Review status: unreviewed seed
Total mentions: 8",8
organization_pomona_high_school,Pomona High School,Pomona High School,Organization,Organization,NA,"Pomona High School
Type: Organization
Review status: unreviewed seed
Total mentions: 8",8
organization_presiding_bishop_s_office,Presiding Bishop's Office,Presiding Bishop's Office,Organization,Organization,NA,"Presiding Bishop's Office
Type: Organization
Review status: unreviewed seed
Total mentions: 8",8
organization_riverside_grammar_school,Riverside Grammar School,Riverside Grammar School,Organization,Organization,NA,"Riverside Grammar School
Type: Organization
Review status: unreviewed seed
Total mentions: 8",8
organization_place_american_embassy,American Embassy,American Embassy,Organization/Place,Organization/Place,NA,"American Embassy
Type: Organization/Place
Review status: unreviewed seed
Total mentions: 13.2664991614216",13.2664991614216
organization_place_alexandria_ward,Alexandria Ward,Alexandria Ward,Organization/Place,Organization/Place,NA,"Alexandria Ward
Type: Organization/Place
Review status: unreviewed seed
Total mentions: 10.5830052442584",10.583005244258365
organization_place_arlington_ward,Arlington Ward,Arlington Ward,Organization/Place,Organization/Place,NA,"Arlington Ward
Type: Organization/Place
Review status: unreviewed seed
Total mentions: 8",8
organization_place_soviet_embassy,Soviet Embassy,Soviet Embassy,Organization/Place,Organization/Place,NA,"Soviet Embassy
Type: Organization/Place
Review status: unreviewed seed
Total mentions: 8",8
organization_place_arizona_temple,Arizona Temple,Arizona Temple,Organization/Place,Organization/Place,NA,"Arizona Temple
Type: Organization/Place
Review status: unreviewed seed
Total mentions: 8",8
organization_place_idaho_falls_temple,Idaho Falls Temple,Idaho Falls Temple,Organization/Place,Organization/Place,NA,"Idaho Falls Temple
Type: Organization/Place
Review status: unreviewed seed
Total mentions: 8",8
organization_place_mesa_temple,Mesa Temple,Mesa Temple,Organization/Place,Organization/Place,NA,"Mesa Temple
Type: Organization/Place
Review status: unreviewed seed
Total mentions: 8",8
person_marion,Marion,Marion,Person,Person,NA,"Marion
Type: Person
Review status: unreviewed seed
Total mentions: 35",35
person_richard,Richard,Richard,Person,Person,NA,"Richard
Type: Person
Review status: unreviewed seed
Total mentions: 18.3303027798234",18.33030277982336
person_martin,Martin,Martin,Person,Person,NA,"Martin
Type: Person
Review status: unreviewed seed
Total mentions: 16.9705627484771",16.97056274847714
person_loverna,Loverna,Loverna,Person,Person,NA,"Loverna
Type: Person
Review status: unreviewed seed
Total mentions: 14.422205101856",14.422205101855956
person_ila_rose,Ila Rose,Ila Rose,Person,Person,NA,"Ila Rose
Type: Person
Review status: unreviewed seed
Total mentions: 12",12
person_franklin_d_roosevelt,Franklin D. Roosevelt,Franklin D. Roosevelt,Person,Person,NA,"Franklin D. Roosevelt
Type: Person
Review status: unreviewed seed
Total mentions: 8.94427190999916",8.94427190999916
person_rhoda_jones,Rhoda Jones,Rhoda Jones,Person,Person,NA,"Rhoda Jones
Type: Person
Review status: unreviewed seed
Total mentions: 8.94427190999916",8.94427190999916
person_heber_j_grant,Heber J. Grant,Heber J. Grant,Person,Person,NA,"Heber J. Grant
Type: Person
Review status: unreviewed seed
Total mentions: 8",8
person_howard_hunt,Howard Hunt,Howard Hunt,Person,Person,NA,"Howard Hunt
Type: Person
Review status: unreviewed seed
Total mentions: 8",8
person_joseph_smith,Joseph Smith,Joseph Smith,Person,Person,NA,"Joseph Smith
Type: Person
Review status: unreviewed seed
Total mentions: 8",8
person_julian_lowe,Julian Lowe,Julian Lowe,Person,Person,NA,"Julian Lowe
Type: Person
Review status: unreviewed seed
Total mentions: 8",8
person_richard_m_nixon,Richard M. Nixon,Richard M. Nixon,Person,Person,NA,"Richard M. Nixon
Type: Person
Review status: unreviewed seed
Total mentions: 8",8
person_dwight_d_eisenhower,Dwight D. Eisenhower,Dwight D. Eisenhower,Person,Person,NA,"Dwight D. Eisenhower
Type: Person
Review status: unreviewed seed
Total mentions: 8",8
person_jack_kelley,Jack Kelley,Jack Kelley,Person,Person,NA,"Jack Kelley
Type: Person
Review status: unreviewed seed
Total mentions: 8",8
person_joyce_mcneill,Joyce McNeill,Joyce McNeill,Person,Person,NA,"Joyce McNeill
Type: Person
Review status: unreviewed seed
Total mentions: 8",8
person_martin_harris,Martin Harris,Martin Harris,Person,Person,NA,"Martin Harris
Type: Person
Review status: unreviewed seed
Total mentions: 8",8
person_dottie_burton,Dottie Burton,Dottie Burton,Person,Person,NA,"Dottie Burton
Type: Person
Review status: unreviewed seed
Total mentions: 8",8
person_harold_price,Harold Price,Harold Price,Person,Person,NA,"Harold Price
Type: Person
Review status: unreviewed seed
Total mentions: 8",8
person_howard_hughes,Howard Hughes,Howard Hughes,Person,Person,NA,"Howard Hughes
Type: Person
Review status: unreviewed seed
Total mentions: 8",8
person_joe_dunn,Joe Dunn,Joe Dunn,Person,Person,NA,"Joe Dunn
Type: Person
Review status: unreviewed seed
Total mentions: 8",8
person_lyndon_johnson,Lyndon Johnson,Lyndon Johnson,Person,Person,NA,"Lyndon Johnson
Type: Person
Review status: unreviewed seed
Total mentions: 8",8
person_martin_luther_king,Martin Luther King,Martin Luther King,Person,Person,NA,"Martin Luther King
Type: Person
Review status: unreviewed seed
Total mentions: 8",8
person_melvin_olsen,Melvin Olsen,Melvin Olsen,Person,Person,NA,"Melvin Olsen
Type: Person
Review status: unreviewed seed
Total mentions: 8",8
person_solomon_webster_harris,Solomon Webster Harris,Solomon Webster Harris,Person,Person,NA,"Solomon Webster Harris
Type: Person
Review status: unreviewed seed
Total mentions: 8",8
person_spencer_w_kimball,Spencer W. Kimball,Spencer W. Kimball,Person,Person,NA,"Spencer W. Kimball
Type: Person
Review status: unreviewed seed
Total mentions: 8",8
person_wendell_thorne,Wendell Thorne,Wendell Thorne,Person,Person,NA,"Wendell Thorne
Type: Person
Review status: unreviewed seed
Total mentions: 8",8
person_al_harris,Al Harris,Al Harris,Person,Person,NA,"Al Harris
Type: Person
Review status: unreviewed seed
Total mentions: 8",8
person_anthony_w_ivins,Anthony W. Ivins,Anthony W. Ivins,Person,Person,NA,"Anthony W. Ivins
Type: Person
Review status: unreviewed seed
Total mentions: 8",8
person_carmen_stevens,Carmen Stevens,Carmen Stevens,Person,Person,NA,"Carmen Stevens
Type: Person
Review status: unreviewed seed
Total mentions: 8",8
person_clifford,Clifford,Clifford,Person,Person,NA,"Clifford
Type: Person
Review status: unreviewed seed
Total mentions: 8",8
person_cyd_charisse,Cyd Charisse,Cyd Charisse,Person,Person,NA,"Cyd Charisse
Type: Person
Review status: unreviewed seed
Total mentions: 8",8
person_david_o_mckay,David O. McKay,David O. McKay,Person,Person,NA,"David O. McKay
Type: Person
Review status: unreviewed seed
Total mentions: 8",8
person_elwood_heiner,Elwood Heiner,Elwood Heiner,Person,Person,NA,"Elwood Heiner
Type: Person
Review status: unreviewed seed
Total mentions: 8",8
person_george_albert_smith,George Albert Smith,George Albert Smith,Person,Person,NA,"George Albert Smith
Type: Person
Review status: unreviewed seed
Total mentions: 8",8
person_george_f_richards,George F. Richards,George F. Richards,Person,Person,NA,"George F. Richards
Type: Person
Review status: unreviewed seed
Total mentions: 8",8
person_harry_truman,Harry Truman,Harry Truman,Person,Person,NA,"Harry Truman
Type: Person
Review status: unreviewed seed
Total mentions: 8",8
person_heber_austin,Heber Austin,Heber Austin,Person,Person,NA,"Heber Austin
Type: Person
Review status: unreviewed seed
Total mentions: 8",8
person_herbert_hoover,Herbert Hoover,Herbert Hoover,Person,Person,NA,"Herbert Hoover
Type: Person
Review status: unreviewed seed
Total mentions: 8",8
person_j_golden_kimball,J. Golden Kimball,J. Golden Kimball,Person,Person,NA,"J. Golden Kimball
Type: Person
Review status: unreviewed seed
Total mentions: 8",8
person_john_s_mccain,John S. McCain,John S. McCain,Person,Person,NA,"John S. McCain
Type: Person
Review status: unreviewed seed
Total mentions: 8",8
person_joseph_fielding_smith,Joseph Fielding Smith,Joseph Fielding Smith,Person,Person,NA,"Joseph Fielding Smith
Type: Person
Review status: unreviewed seed
Total mentions: 8",8
person_lester_allan_harris,Lester Allan Harris,Lester Allan Harris,Person,Person,NA,"Lester Allan Harris
Type: Person
Review status: unreviewed seed
Total mentions: 8",8
person_louis_f_nuffer,Louis F. Nuffer,Louis F. Nuffer,Person,Person,NA,"Louis F. Nuffer
Type: Person
Review status: unreviewed seed
Total mentions: 8",8
person_lucy_guyaz,Lucy Guyaz,Lucy Guyaz,Person,Person,NA,"Lucy Guyaz
Type: Person
Review status: unreviewed seed
Total mentions: 8",8
person_maria_del_carmen_stevens,Maria del Carmen Stevens,Maria del Carmen Stevens,Person,Person,NA,"Maria del Carmen Stevens
Type: Person
Review status: unreviewed seed
Total mentions: 8",8
person_mary_anderson,Mary Anderson,Mary Anderson,Person,Person,NA,"Mary Anderson
Type: Person
Review status: unreviewed seed
Total mentions: 8",8
person_maryette_rice_harris_standley,Maryette Rice Harris Standley,Maryette Rice Harris Standley,Person,Person,NA,"Maryette Rice Harris Standley
Type: Person
Review status: unreviewed seed
Total mentions: 8",8
person_nathan_harris,Nathan Harris,Nathan Harris,Person,Person,NA,"Nathan Harris
Type: Person
Review status: unreviewed seed
Total mentions: 8",8
person_raymond_spruance,Raymond Spruance,Raymond Spruance,Person,Person,NA,"Raymond Spruance
Type: Person
Review status: unreviewed seed
Total mentions: 8",8
person_reed_smoot,Reed Smoot,Reed Smoot,Person,Person,NA,"Reed Smoot
Type: Person
Review status: unreviewed seed
Total mentions: 8",8
person_reuel_neilson,Reuel Neilson,Reuel Neilson,Person,Person,NA,"Reuel Neilson
Type: Person
Review status: unreviewed seed
Total mentions: 8",8
person_richard_r_lyman,Richard R. Lyman,Richard R. Lyman,Person,Person,NA,"Richard R. Lyman
Type: Person
Review status: unreviewed seed
Total mentions: 8",8
person_roger_williams,Roger Williams,Roger Williams,Person,Person,NA,"Roger Williams
Type: Person
Review status: unreviewed seed
Total mentions: 8",8
person_rudger_clawson,Rudger Clawson,Rudger Clawson,Person,Person,NA,"Rudger Clawson
Type: Person
Review status: unreviewed seed
Total mentions: 8",8
person_solomon_r_harris,Solomon R. Harris,Solomon R. Harris,Person,Person,NA,"Solomon R. Harris
Type: Person
Review status: unreviewed seed
Total mentions: 8",8
person_stephen_l_richards,Stephen L. Richards,Stephen L. Richards,Person,Person,NA,"Stephen L. Richards
Type: Person
Review status: unreviewed seed
Total mentions: 8",8
person_sylvester_q_cannon,Sylvester Q. Cannon,Sylvester Q. Cannon,Person,Person,NA,"Sylvester Q. Cannon
Type: Person
Review status: unreviewed seed
Total mentions: 8",8
person_t_j_hurley,T. J. Hurley,T. J. Hurley,Person,Person,NA,"T. J. Hurley
Type: Person
Review status: unreviewed seed
Total mentions: 8",8
person_tony_martin,Tony Martin,Tony Martin,Person,Person,NA,"Tony Martin
Type: Person
Review status: unreviewed seed
Total mentions: 8",8
person_tyrone_power,Tyrone Power,Tyrone Power,Person,Person,NA,"Tyrone Power
Type: Person
Review status: unreviewed seed
Total mentions: 8",8
person_vern_l_brown,Vern L. Brown,Vern L. Brown,Person,Person,NA,"Vern L. Brown
Type: Person
Review status: unreviewed seed
Total mentions: 8",8
person_wiley_snarr,Wiley Snarr,Wiley Snarr,Person,Person,NA,"Wiley Snarr
Type: Person
Review status: unreviewed seed
Total mentions: 8",8
person_wilmer_norton,Wilmer Norton,Wilmer Norton,Person,Person,NA,"Wilmer Norton
Type: Person
Review status: unreviewed seed
Total mentions: 8",8
place_united_states,United States,United States,Place,Place,NA,"United States
Type: Place
Review status: unreviewed seed
Total mentions: 35",35
place_idaho,Idaho,Idaho,Place,Place,NA,"Idaho
Type: Place
Review status: unreviewed seed
Total mentions: 27.1293199325011",27.129319932501073
place_washington,Washington,Washington,Place,Place,NA,"Washington
Type: Place
Review status: unreviewed seed
Total mentions: 25.6124969497314",25.61249694973139
place_new_york,New York,New York,Place,Place,NA,"New York
Type: Place
Review status: unreviewed seed
Total mentions: 24.3310501211929",24.331050121192877
place_utah,Utah,Utah,Place,Place,NA,"Utah
Type: Place
Review status: unreviewed seed
Total mentions: 23.6643191323985",23.664319132398465
place_idaho_falls,Idaho Falls,Idaho Falls,Place,Place,NA,"Idaho Falls
Type: Place
Review status: unreviewed seed
Total mentions: 22.9782505861521",22.97825058615211
place_soviet_union,Soviet Union,Soviet Union,Place,Place,NA,"Soviet Union
Type: Place
Review status: unreviewed seed
Total mentions: 21.9089023002066",21.908902300206645
place_uruguay,Uruguay,Uruguay,Place,Place,NA,"Uruguay
Type: Place
Review status: unreviewed seed
Total mentions: 20.3960780543711",20.396078054371134
place_virginia,Virginia,Virginia,Place,Place,NA,"Virginia
Type: Place
Review status: unreviewed seed
Total mentions: 16.9705627484771",16.97056274847714
place_california,California,California,Place,Place,NA,"California
Type: Place
Review status: unreviewed seed
Total mentions: 16.4924225024706",16.492422502470642
place_arizona,Arizona,Arizona,Place,Place,NA,"Arizona
Type: Place
Review status: unreviewed seed
Total mentions: 16",16
place_montevideo,Montevideo,Montevideo,Place,Place,NA,"Montevideo
Type: Place
Review status: unreviewed seed
Total mentions: 15.4919333848297",15.491933384829668
place_rio_de_janeiro,Rio De Janeiro,Rio De Janeiro,Place,Place,NA,"Rio De Janeiro
Type: Place
Review status: unreviewed seed
Total mentions: 14.422205101856",14.422205101855956
place_salt_lake_city,Salt Lake City,Salt Lake City,Place,Place,NA,"Salt Lake City
Type: Place
Review status: unreviewed seed
Total mentions: 12",12
place_japan,Japan,Japan,Place,Place,NA,"Japan
Type: Place
Review status: unreviewed seed
Total mentions: 11.3137084989848",11.31370849898476
place_mesa,Mesa,Mesa,Place,Place,NA,"Mesa
Type: Place
Review status: unreviewed seed
Total mentions: 11.3137084989848",11.31370849898476
place_new_york_city,New York City,New York City,Place,Place,NA,"New York City
Type: Place
Review status: unreviewed seed
Total mentions: 10.5830052442584",10.583005244258365
place_logan,Logan,Logan,Place,Place,NA,"Logan
Type: Place
Review status: unreviewed seed
Total mentions: 9.79795897113271",9.797958971132712
place_vietnam,Vietnam,Vietnam,Place,Place,NA,"Vietnam
Type: Place
Review status: unreviewed seed
Total mentions: 9.79795897113271",9.797958971132712
place_boston,Boston,Boston,Place,Place,NA,"Boston
Type: Place
Review status: unreviewed seed
Total mentions: 8.94427190999916",8.94427190999916
place_corpus_christi,Corpus Christi,Corpus Christi,Place,Place,NA,"Corpus Christi
Type: Place
Review status: unreviewed seed
Total mentions: 8.94427190999916",8.94427190999916
place_falls_church,Falls Church,Falls Church,Place,Place,NA,"Falls Church
Type: Place
Review status: unreviewed seed
Total mentions: 8.94427190999916",8.94427190999916
place_pearl_harbor,Pearl Harbor,Pearl Harbor,Place,Place,NA,"Pearl Harbor
Type: Place
Review status: unreviewed seed
Total mentions: 8.94427190999916",8.94427190999916
place_salmon,Salmon,Salmon,Place,Place,NA,"Salmon
Type: Place
Review status: unreviewed seed
Total mentions: 8.94427190999916",8.94427190999916
place_shanks_village,Shanks Village,Shanks Village,Place,Place,NA,"Shanks Village
Type: Place
Review status: unreviewed seed
Total mentions: 8.94427190999916",8.94427190999916
place_bremerton,Bremerton,Bremerton,Place,Place,NA,"Bremerton
Type: Place
Review status: unreviewed seed
Total mentions: 8",8
place_philippines,Philippines,Philippines,Place,Place,NA,"Philippines
Type: Place
Review status: unreviewed seed
Total mentions: 8",8
place_pomona,Pomona,Pomona,Place,Place,NA,"Pomona
Type: Place
Review status: unreviewed seed
Total mentions: 8",8
place_san_francisco,San Francisco,San Francisco,Place,Place,NA,"San Francisco
Type: Place
Review status: unreviewed seed
Total mentions: 8",8
place_far_east,Far East,Far East,Place,Place,NA,"Far East
Type: Place
Review status: unreviewed seed
Total mentions: 8",8
place_los_angeles,Los Angeles,Los Angeles,Place,Place,NA,"Los Angeles
Type: Place
Review status: unreviewed seed
Total mentions: 8",8
place_philippine_islands,Philippine Islands,Philippine Islands,Place,Place,NA,"Philippine Islands
Type: Place
Review status: unreviewed seed
Total mentions: 8",8
place_providence,Providence,Providence,Place,Place,NA,"Providence
Type: Place
Review status: unreviewed seed
Total mentions: 8",8
place_sao_paulo,Sao Paulo,Sao Paulo,Place,Place,NA,"Sao Paulo
Type: Place
Review status: unreviewed seed
Total mentions: 8",8
place_treasure_island,Treasure Island,Treasure Island,Place,Place,NA,"Treasure Island
Type: Place
Review status: unreviewed seed
Total mentions: 8",8
place_atlantic_ocean,Atlantic Ocean,Atlantic Ocean,Place,Place,NA,"Atlantic Ocean
Type: Place
Review status: unreviewed seed
Total mentions: 8",8
place_concord,Concord,Concord,Place,Place,NA,"Concord
Type: Place
Review status: unreviewed seed
Total mentions: 8",8
place_hawaii,Hawaii,Hawaii,Place,Place,NA,"Hawaii
Type: Place
Review status: unreviewed seed
Total mentions: 8",8
place_hill_cumorah,Hill Cumorah,Hill Cumorah,Place,Place,NA,"Hill Cumorah
Type: Place
Review status: unreviewed seed
Total mentions: 8",8
place_kansas_city,Kansas City,Kansas City,Place,Place,NA,"Kansas City
Type: Place
Review status: unreviewed seed
Total mentions: 8",8
place_quonset_point,Quonset Point,Quonset Point,Place,Place,NA,"Quonset Point
Type: Place
Review status: unreviewed seed
Total mentions: 8",8
place_rhode_island,Rhode Island,Rhode Island,Place,Place,NA,"Rhode Island
Type: Place
Review status: unreviewed seed
Total mentions: 8",8
place_sable_drive,Sable Drive,Sable Drive,Place,Place,NA,"Sable Drive
Type: Place
Review status: unreviewed seed
Total mentions: 8",8
place_south_china_sea,South China Sea,South China Sea,Place,Place,NA,"South China Sea
Type: Place
Review status: unreviewed seed
Total mentions: 8",8
place_balboa_beach,Balboa Beach,Balboa Beach,Place,Place,NA,"Balboa Beach
Type: Place
Review status: unreviewed seed
Total mentions: 8",8
place_bunker_hill,Bunker Hill,Bunker Hill,Place,Place,NA,"Bunker Hill
Type: Place
Review status: unreviewed seed
Total mentions: 8",8
place_caribbean,Caribbean,Caribbean,Place,Place,NA,"Caribbean
Type: Place
Review status: unreviewed seed
Total mentions: 8",8
place_clarkston,Clarkston,Clarkston,Place,Place,NA,"Clarkston
Type: Place
Review status: unreviewed seed
Total mentions: 8",8
place_lexington,Lexington,Lexington,Place,Place,NA,"Lexington
Type: Place
Review status: unreviewed seed
Total mentions: 8",8
place_lone_pine,Lone Pine,Lone Pine,Place,Place,NA,"Lone Pine
Type: Place
Review status: unreviewed seed
Total mentions: 8",8
place_marcus_island,Marcus Island,Marcus Island,Place,Place,NA,"Marcus Island
Type: Place
Review status: unreviewed seed
Total mentions: 8",8
place_marianas_islands,Marianas Islands,Marianas Islands,Place,Place,NA,"Marianas Islands
Type: Place
Review status: unreviewed seed
Total mentions: 8",8
place_panama_canal,Panama Canal,Panama Canal,Place,Place,NA,"Panama Canal
Type: Place
Review status: unreviewed seed
Total mentions: 8",8
place_san_diego,San Diego,San Diego,Place,Place,NA,"San Diego
Type: Place
Review status: unreviewed seed
Total mentions: 8",8
place_soda_springs,Soda Springs,Soda Springs,Place,Place,NA,"Soda Springs
Type: Place
Review status: unreviewed seed
Total mentions: 8",8
place_teton_mountains,Teton Mountains,Teton Mountains,Place,Place,NA,"Teton Mountains
Type: Place
Review status: unreviewed seed
Total mentions: 8",8
place_tooele,Tooele,Tooele,Place,Place,NA,"Tooele
Type: Place
Review status: unreviewed seed
Total mentions: 8",8
place_victor,Victor,Victor,Place,Place,NA,"Victor
Type: Place
Review status: unreviewed seed
Total mentions: 8",8
